metric,video_id,url,title,channel,description,views,likes,comments,engagement_score,category,published,collected_date,source
healthcare,WgTAFxmcZUs,https://www.youtube.com/watch?v=WgTAFxmcZUs,She Got Rejected For Not Believing In God  üò≥üôèPOP THE BALLOON OR FIND LOVEüéà,Pop Dat Love,,1672217,46442,2734,19.32,LEVEL_1_CASUAL,2025-06-12,2026-02-19,youtube_tiktok_compilation
healthcare,ggsISMMnXLI,https://www.youtube.com/watch?v=ggsISMMnXLI,100 years of TATTOOS‚Ä¶üëÄ #shorts,Jasmine Chiswell,,20655756,1146425,1824,40.73,LEVEL_1_CASUAL,2024-12-01,2026-02-19,youtube_tiktok_compilation
healthcare,n_G6a-LD-yg,https://www.youtube.com/watch?v=n_G6a-LD-yg,Veronica questioning her manager's work ethics at a meetingü§£ü§£ #viral #foryou #animation,Damelio Animation ,,5965296,237456,4340,27.96,LEVEL_3_CRISIS,2024-06-09,2026-02-19,youtube_tiktok_compilation
healthcare,bEJDgMxV_1A,https://www.youtube.com/watch?v=bEJDgMxV_1A,Cop Loses It When He Finds Attorney Is Present At Traffic Stop üòÇ full vid: Attorney Shield,Incomeparent,,2173428,94465,5784,30.92,LEVEL_1_CASUAL,2025-01-04,2026-02-19,youtube_tiktok_compilation
healthcare,Tl8EBjYBC_g,https://www.youtube.com/watch?v=Tl8EBjYBC_g,Veronica doesn't check her email after 5 p.m #animation #funnyvideo #gplus #comedy,G Plus Animation,,4729977,210811,6444,31.57,LEVEL_1_CASUAL,2024-09-09,2026-02-19,youtube_tiktok_compilation
healthcare,7WAPYf1MZI4,https://www.youtube.com/watch?v=7WAPYf1MZI4,I got HUGE scars from my CHEEK PIERCINGS,Linzor,I got HUGE scars from my CHEEK PIERCINGS #piercing,973323,12864,156,8.11,LEVEL_1_CASUAL,2024-04-08,2026-02-19,youtube_tiktok_compilation
healthcare,olwmWOCbVuk,https://www.youtube.com/watch?v=olwmWOCbVuk,She even had to say his name correctly #real #caughtcheater #relationship #hurt #couples #cheating,Saint Aura,,4062157,59477,1986,10.32,LEVEL_1_CASUAL,2025-06-08,2026-02-19,youtube_tiktok_compilation
healthcare,pslg_9LhhE0,https://www.youtube.com/watch?v=pslg_9LhhE0,He Couldn‚Äôt Resist The Female Officer üòÇ #shorts,The Blue Magazine,,34206477,807426,7409,18.11,LEVEL_1_CASUAL,2024-10-07,2026-02-19,youtube_tiktok_compilation
healthcare,mu7Sv50ssUg,https://www.youtube.com/watch?v=mu7Sv50ssUg,Trump vs Jesus,James Talarico,"""I think if Donald Trump and JD Vance met Jesus today, they would ridicule him as a single, childless hippie.""",2723643,123171,6395,32.12,LEVEL_1_CASUAL,2024-09-27,2026-02-19,youtube_tiktok_compilation
healthcare,ub7wyLJKEqk,https://www.youtube.com/watch?v=ub7wyLJKEqk,Employee Loses It After Getting Fired. Destroys Warehouse! #work,prefronn,,1572141,25580,6115,14.9,LEVEL_1_CASUAL,2025-05-29,2026-02-19,youtube_tiktok_compilation
healthcare,xzZKsPb8lTU,https://www.youtube.com/watch?v=xzZKsPb8lTU,DROPPING ILLEGAL IMMIGRANTS OFF AT RICH LIBERALS HOUSE ü§¨,NELK,DROPPING ILLEGAL IMMIGRANTS OFF AT RICH LIBERALS HOUSE ü§¨ #shorts,4597118,215809,8783,33.82,LEVEL_1_CASUAL,2024-11-04,2026-02-19,youtube_tiktok_compilation
healthcare,ZuL2nVs_I5g,https://www.youtube.com/watch?v=ZuL2nVs_I5g,She EXPOSED Him üòÇ Pop The Balloon or Find Love | With Arlette Amuli,TrulyVisual,"She EXPOSED Him üòÇ Pop The Balloon or Find Love | With Arlette Amuli
#arletteamuli #poptheballoon #poptheballoonorfindlove #shorts #reaction 

Notification Squad: click the üîîBell 
LIKE and SUBSCRIBE if you enjoyed this video!

follow me:
‚ñ∫Insta: https://www.instagram.com/nxordinary/
‚ñ∫Tiktok: https://www.tiktok.com/@trulyvisual
‚ñ∫twitter: https://twitter.com/TrulyNashe

‚ñ∫Second Channel
YouTube: https://www.youtube.com/@TrulyLyfe",3192537,126193,11083,30.23,LEVEL_1_CASUAL,2024-12-07,2026-02-19,youtube_tiktok_compilation
healthcare,2MPv4PNPf1A,https://www.youtube.com/watch?v=2MPv4PNPf1A,The TRUTH Behind The Spooky Scary Skeleton Song...üíÄ,DGshorts,#dance #edit #tiktok #shorts #trending #spookyscaryskeletons #halloween #didyouknow,6251038,58898,1253,6.68,LEVEL_1_CASUAL,2025-10-06,2026-02-19,youtube_tiktok_compilation
healthcare,Lg3edHCXoVk,https://www.youtube.com/watch?v=Lg3edHCXoVk,Car dealership Caught trying to scamüò≥ü§î #reaction #nicetry,UP&SMOKE TV üì∫ ,,582270,12477,1345,15.02,LEVEL_2_FRUSTRATED,2024-05-18,2026-02-19,youtube_tiktok_compilation
healthcare,KyGpn7iY5wo,https://www.youtube.com/watch?v=KyGpn7iY5wo,Not let on the plane for being to pregnant when travelling #pregnancy #travel #pregnant #gonewrong,Annabell Newman,,18944719,719293,5096,28.02,LEVEL_1_CASUAL,2024-04-28,2026-02-19,youtube_tiktok_compilation
healthcare,Fbl8RJUjMkY,https://www.youtube.com/watch?v=Fbl8RJUjMkY,He stays in my mind‚Ä¶ #dentalassistant #dentallife #healthcare,Maria schmidt,,46549226,163002,1118,2.72,LEVEL_1_CASUAL,2025-01-14,2026-02-19,youtube_tiktok_compilation
healthcare,fkoV5wA4pUc,https://www.youtube.com/watch?v=fkoV5wA4pUc,Healthcare NIGHTMARE As Nurses QUIT By The Thousands - THE SHOCKING TRUTH,This Bahamian Gyal,"Healthcare Nightmare As Nurses Quit By The Thousands - THE SHOCKING TRUTH

In today's episode you'll learn the real reasons nurses are quitting in record numbers. Tune in now. Like the video and subscribe to the channel. 

Also follow me on Rumble. 

Video credit:
@AccordingToTawanda 
@GPlusAnimation 
@thenurseerica9094 
@nursealexkim 

Appreciate the work I do? Here's how you can support the show to avoid the channel being beholden to ads and the algorithm. 

pay.thisbahamiangyal.com
‚òï https://",101367,4023,1240,32.11,LEVEL_3_CRISIS,2025-03-24,2026-02-19,youtube_tiktok_compilation
healthcare,ZP3qjzZLymk,https://www.youtube.com/watch?v=ZP3qjzZLymk,80% of nurses are cheating on their spouse‚Ä¶,The Carlos Reyes Show,,1311999,34262,3322,19.07,LEVEL_1_CASUAL,2024-06-24,2026-02-19,youtube_tiktok_compilation
healthcare,JGPhbVZCBR8,https://www.youtube.com/watch?v=JGPhbVZCBR8,Psych nursing is DANGEROUS ‚ö†Ô∏è #mentalhealth #psychnurse #mentalhospital #psychiatrist #figs #nurse,Chanelle,,115336,2418,111,11.59,LEVEL_1_CASUAL,2024-05-08,2026-02-19,youtube_tiktok_compilation
healthcare,CzBWgZvhozs,https://www.youtube.com/watch?v=CzBWgZvhozs,He's Terrified Of Needles (@raychelle_33),VectorVerse,"#shorts 

He's terrified of needles but has to get two vaccine shots.",5017338,107312,1378,14.7,LEVEL_1_CASUAL,2024-06-21,2026-02-19,youtube_tiktok_compilation
healthcare,6oBT3YS_aBM,https://www.youtube.com/watch?v=6oBT3YS_aBM,GHOST SIGHTING AT HAUNTED HOSPITAL #haunted #spooky #creepy #ghost #scary #ghosthunting,Mike Wallace,,1120238,8575,453,5.12,LEVEL_1_CASUAL,2024-07-25,2026-02-19,youtube_tiktok_compilation
healthcare,alJTKwuCHBo,https://www.youtube.com/watch?v=alJTKwuCHBo,Trump's HEALTHCARE NIGHTMARE Is About To Ruin Lives,The Vaush Pit,"üî¥ Website  - https://www.vaush.gg/
üíµ Patreon  - https://www.patreon.com/vaush
üëï MERCH - https://merch.whitefore.st/
üòé JOIN PROGRESSIVE VICTORY: https://progress.win/vaush

üåü Other Socials üåü

‚≠êÔ∏è Main Channel - https://www.youtube.com/c/Vaush
üëÄ 3rd Channel? - https://www.youtube.com/channel/UC6SY6qoT8wVWeHV9ijeCiDQ
üê¶ Twitter - https://twitter.com/VaushV
ü¶ã Bluesky - https://bsky.app/profile/vaush.gg
üì∏ Instagram - https://www.instagram.com/vaushv/
üîµ Facebook - https://www.facebook.com/vaushvidya
üéµ T",61264,2831,344,27.5,LEVEL_3_CRISIS,2025-11-15,2026-02-19,youtube_tiktok_compilation
healthcare,MA1b5uHrs-o,https://www.youtube.com/watch?v=MA1b5uHrs-o,Why Older Nurses Are So MEAN,Doctor Mike,"I'll teach you how to become the media's go-to expert in your field. Enroll in The Professional's Media Academy now: https://www.professionalsmediaacademy.com/

Listen to my podcast, The Checkup with Doctor Mike, here:
Spotify: https://go.doctormikemedia.com/spotify/CheckUpSpotify
Apple Podcasts: https://go.doctormikemedia.com/applepodcast/ApplePodcasts

Help us continue the fight against medical misinformation and change the world through charity by becoming a Doctor Mike Resident on Patreon wh",4219231,147961,2777,24.11,LEVEL_1_CASUAL,2024-10-14,2026-02-19,youtube_tiktok_compilation
healthcare,nyMEGAP6Egk,https://www.youtube.com/watch?v=nyMEGAP6Egk,Why Nurses Always Cheat on their man,Jesse Keaton,"‚¨áÔ∏è  FREE access to Jesse's Group  ‚¨áÔ∏è
https://jessekeaton.com/menofattraction

‚úÖ  Schedule a call with Jesse... we'll get you meeting 2 to 3 new, young women every week on autopilot.
https://jessekeaton.com",38832,668,110,10.49,LEVEL_1_CASUAL,2024-07-10,2026-02-19,youtube_tiktok_compilation
healthcare,pfhoRMq-Dq8,https://www.youtube.com/watch?v=pfhoRMq-Dq8,Doctor Reacts: baby‚Äôs worst nightmare?,Doctor Myro,"It doesn't hurt!


#piggostat #pediatrics #pediatrician #health #healthcare #med #medicine #medical #suture #meded #learn #learnonyoutube #healthcare #wellness


‚ú∞ ùêÄùêÅùêéùêîùêì ùêåùêÑ ‚ú∞
I‚Äôm Dr. Myro Figura, an Anesthesiologist, medical school educator and physician entrepreneur in Los Angeles. Let's talk about health while keeping things light!


I work in an academic medical center and teach medical students as well as residents. In addition to my job as a doctor, I am passionate about healthcare innovati",47035,1604,73,17.38,LEVEL_3_CRISIS,2024-01-16,2026-02-19,youtube_tiktok_compilation
healthcare,u8RYIIIN3iU,https://www.youtube.com/watch?v=u8RYIIIN3iU,Shocking TikTok Plastic Surgery Results | Plastic Surgeon Reacts,Doctor Gary Linkov,"Our Skincare & Haircare: https://feelconfident.com/
For Surgical Consultations: info@cityfp.com

City Facial Plastics: Dr. Gary Linkov
150 E 56TH ST, 1AB, New York, NY 10022
New York, NY 10022
(212) 439-5177
https://cityfacialplastics.com

The content of this channel is for entertainment and educational purposes only. This content is not meant to provide any medical advice or treat any medical conditions. Patients must be evaluated by an appropriate healthcare provider on an individual basis and",2753783,70327,6469,19.47,LEVEL_1_CASUAL,2024-02-22,2026-02-19,youtube_tiktok_compilation
healthcare,BVRQkBpo3yM,https://www.youtube.com/watch?v=BVRQkBpo3yM,10 CREEPY MENTAL HOSPITAL STORIES TOLD BY PSYCHIATRIC NURSES ( COMPILATION),Bone-Chilling Nightmare,"Step into the hidden world of psychiatric wards, where routine meets the unexplainable. In this chilling video, 10 real psychiatric nurses share the creepiest and most unsettling encounters they‚Äôve ever experienced‚Äîshadowy figures, impossible journal entries, and patients who knew things they shouldn‚Äôt. These are first-hand accounts from trained professionals.
üëª Watch till the end‚Ä¶ the last story will leave you speechless.
#hospitalghoststories #creepystories #MentalHospitalHorror #PsychiatricNu",26431,1118,97,21.95,LEVEL_1_CASUAL,2025-07-04,2026-02-19,youtube_tiktok_compilation
healthcare,Gbcf-4nLyus,https://www.youtube.com/watch?v=Gbcf-4nLyus,PTSD (Post-traumatic stress disorder) may look like...,Makin Wellness | Online therapy,PTSD can look like many different things. Here are a few‚Ä¶ #ptsd #shorts #mentalhealth,293014,5951,259,12.07,LEVEL_3_CRISIS,2024-03-17,2026-02-19,youtube_tiktok_compilation
healthcare,t5XvlDmui7k,https://www.youtube.com/watch?v=t5XvlDmui7k,TikTok Star Describes Her Nightmare Experience With The Beloved NHS!,Just Jake,"A lady who runs a TikTok channel explained to her viewers her terrible experience with both the NHS and GPs.   

Get yourself some Exclusive Just Jake Merch here: 
https://justjake.creator-spring.com

Exclusive Membership:

Become a member of my Inner Circle, with early access to videos and shoutouts at the end of every video: https://www.youtube.com/channel/UC8-gFgzthSohkQqfFUxjAkw/join

Credit: nickyshairandbeauty on Tiktok

#nhs #torychaos #healthcare",46,3,3,32.53,LEVEL_3_CRISIS,2024-09-16,2026-02-19,youtube_tiktok_compilation
healthcare,OP2N2NGMKRU,https://www.youtube.com/watch?v=OP2N2NGMKRU,Schlatt Didn't Expect This AT ALL,Big guy,"jschlatt didn't expect this at all while schlatt was ranking your funniest tiktoks.

original video by https://www.youtube.com/@CosplayCatKitty
edited by https://www.youtube.com/@ludo.mp4

#jschlatt #schlatt #bigguy #shorts",26534789,1408613,20776,40.57,LEVEL_1_CASUAL,2024-08-06,2026-02-19,youtube_tiktok_compilation
healthcare,v606g_MyQg0,https://www.youtube.com/watch?v=v606g_MyQg0,I Promised My Wife I‚Äôd Lose Weight‚ÄîAnd a Man Can‚Äôt Break a Promise to the Woman He Loves ‚ù§Ô∏è,Bye Bye Fatman,"When I stood beside her and said ""I do,"" I made a quiet vow she never asked for‚Äîbut one I knew mattered. I promised to take care of my health, to lose the weight, and to be the man she believed I could be.

Not just for me. For her. For our future. Because a real man keeps his promises‚Äîespecially to the woman he loves.

#ByeByeFatman #WeightLossForLove #KeepingMyPromise #FitForHer #HealthyMarriage #MixedFamilyLove #RealLoveStory #TransformationJourney #Over50AndFit #LoveAndDiscipline #FamilyFirs",6017517,40225,448,4.63,LEVEL_1_CASUAL,2025-04-17,2026-02-19,youtube_tiktok_compilation
healthcare,rcHamWvXI2s,https://www.youtube.com/watch?v=rcHamWvXI2s,An Awkward Moment With Dr. K,Doctor Mike,"I'll teach you how to become the media's go-to expert in your field. Enroll in The Professional's Media Academy now: https://www.professionalsmediaacademy.com/

Listen to my podcast, @DoctorMikeCheckup, here:
Spotify: https://go.doctormikemedia.com/spotify/CheckUpSpotify
Apple Podcasts: https://go.doctormikemedia.com/applepodcast/ApplePodcasts

Help us continue the fight against medical misinformation and change the world through charity by becoming a Doctor Mike Resident on Patreon where every ",9002513,296031,8445,24.17,LEVEL_1_CASUAL,2024-04-12,2026-02-19,youtube_tiktok_compilation
healthcare,yUrLM2m0bAU,https://www.youtube.com/watch?v=yUrLM2m0bAU,Fake Doctor‚Äôs Fatal Mistake üò≤,Zack D. Films,,22845941,1174923,3958,38.1,LEVEL_1_CASUAL,2025-02-01,2026-02-19,youtube_tiktok_compilation
healthcare,ql0bXo39UBg,https://www.youtube.com/watch?v=ql0bXo39UBg,She Passed Out,VectorVerse,"#shorts 

She passed out while getting her vaccine but she only lost some blood pressure and was completely fine.",1015624,40788,169,24.32,LEVEL_1_CASUAL,2024-05-31,2026-02-19,youtube_tiktok_compilation
healthcare,960_hCNOhrc,https://www.youtube.com/watch?v=960_hCNOhrc,This dad will show this to his son in the future üòÇ,Dylan Anderson,,60781213,1461690,41063,19.77,LEVEL_1_CASUAL,2024-07-28,2026-02-19,youtube_tiktok_compilation
healthcare,DHsE3mWHNgI,https://www.youtube.com/watch?v=DHsE3mWHNgI,Trained and readyü´°,"Christian ""Mister"" McCartney",,93683295,0,12259,0.21,LEVEL_1_CASUAL,2025-01-11,2026-02-19,youtube_tiktok_compilation
healthcare,Enx5s4N-GBc,https://www.youtube.com/watch?v=Enx5s4N-GBc,Rod Wave Shopping At Walmart ü§£üëÄ #rodwave #funny #shorts,Street Stamped TV,#rodwave #funny #shorts #kids #trending #rap #hiphop #hiphopartist,643256,7826,126,7.29,LEVEL_1_CASUAL,2025-06-18,2026-02-19,youtube_tiktok_compilation
healthcare,Tu41QW9xFvg,https://www.youtube.com/watch?v=Tu41QW9xFvg,Wade Wilson sentenced to death and mysterious Hand Signal to Jury #wadewilson #crime #doublemurder,CaseQueens,,19833633,597443,20960,23.52,LEVEL_1_CASUAL,2024-07-04,2026-02-19,youtube_tiktok_compilation
healthcare,v9H8Y6eMaoc,https://www.youtube.com/watch?v=v9H8Y6eMaoc,I have never seen her this Sad...üò¢ #shorts,Isaac & Andrea,"YES WE HAVE ONEüëáüèªüòú
Couple Only Fans: http://beacons.ai/isaacandandrea
Andreas Only Fans: https://onlyfans.com/spicydrea

Andrea's Snapchat: https://t.snapchat.com/dm3qMEwr
Isaac's Snapchat: https://t.snapchat.com/LTiaapX6

Join this channel to get access to perks:
https://www.youtube.com/channel/UCXhyQQjOLR2-nVhRA71f9hA/join

Vlog channel: https://www.youtube.com/channel/UC_YHP03qQytjAfBK6tFcnew

More of usüëâüèª https://beacons.ai/isaacandandrea

Follow us on Instagram :)
Isaac‚Äôs Instagram: https:/",1725767,42204,4049,18.18,LEVEL_1_CASUAL,2024-07-02,2026-02-19,youtube_tiktok_compilation
healthcare,wPtjF09O8_Y,https://www.youtube.com/watch?v=wPtjF09O8_Y,Don't Step On Running Treadmill #dndx1,Delisha En,"A simple fact that most people overlook: don‚Äôt step directly onto a treadmill after it starts. When the treadmill is turned on, the belt moves backward at a certain speed, while your body remains stationary relative to the ground. If you step on it immediately, the friction under your feet will suddenly pull you backward. Your body needs time to adjust to the treadmill's speed. That‚Äôs why, during some running exercises, athletes wear a safety belt‚Äîso if they lose balance, they can quickly regain",17567353,589514,1639,24.45,LEVEL_1_CASUAL,2024-09-07,2026-02-19,youtube_tiktok_compilation
healthcare,ArLfxGVv9gA,https://www.youtube.com/watch?v=ArLfxGVv9gA,Sorry mom‚ù§Ô∏è,Brent Rivera,,5356113,49447,1303,6.54,LEVEL_1_CASUAL,2025-04-14,2026-02-19,youtube_tiktok_compilation
healthcare,vnn6A81iCtM,https://www.youtube.com/watch?v=vnn6A81iCtM,He is my Lady ü§£ü§™ #shorts #couple #prank,NickandCarrie,,75257442,2586258,14088,27.36,LEVEL_1_CASUAL,2024-08-15,2026-02-19,youtube_tiktok_compilation
healthcare,_LBaqoqDIkk,https://www.youtube.com/watch?v=_LBaqoqDIkk,lmaoo she def was concerned üò≠ #katseye #shorts #megan credits to tiktok,dollyv (subscribe to @katsmixed),,1918144,71915,325,23.77,LEVEL_1_CASUAL,2025-09-01,2026-02-19,youtube_tiktok_compilation
healthcare,Z_GiDcTLyb4,https://www.youtube.com/watch?v=Z_GiDcTLyb4,Benson Boone‚Äôs Transformation Is INSANE‚Ä¶üò±üé§,BoltMotivation,"The Judges Thought He Was Just Another Singer‚Ä¶

Benson Boone auditioned for American Idol in 2021 with just one year of singing experience. He made the Top 24 but left to focus on his own music. Three years later, he‚Äôs one of the world‚Äôs biggest artists in the world, performing live at the Grammys.

Fair Use Disclaimer

This video is for educational and transformative purposes, falling under the Fair Use Doctrine (17 U.S.C. ¬ß107). It provides original commentary, critique, and a thoughtful revis",49816079,1322876,3586,20.55,LEVEL_3_CRISIS,2025-03-04,2026-02-19,youtube_tiktok_compilation
healthcare,xm0Efv76Oho,https://www.youtube.com/watch?v=xm0Efv76Oho,Transport bill covered after Virginia dad‚Äôs plea for ill veteran daughter goes viral,WSET ABC 13,"A Danville father‚Äôs desperate social media plea to save his critically ill daughter has drawn attention across the nation‚Äî and, he says, pushed the Department of Veterans Affairs to cover the cost of transporting her to a hospital that can treat her.

FULL STORY: https://bit.ly/4chCIBJ

_______________
Follow WSET on social media:

WSET-TV ABC News 13 on Facebook: https://www.facebook.com/ABC13News
WSET-TV ABC News 13 on Twitter: https://twitter.com/ABC13News
WSET-TV ABC News 13 on Instagram: ht",241404,8357,1651,26.0,LEVEL_3_CRISIS,2026-02-17,2026-02-19,youtube_tiktok_compilation
healthcare,gtQ_HycyGhI,https://www.youtube.com/watch?v=gtQ_HycyGhI,Unreal $58‚ÄØ000 Hospital Bill? TikTok‚Äôs Burtola Sounds the Alarm,Marketing Accountability Council,"TikTok creator @burtola went viral after revealing a staggering $58‚ÄØ000 hospital bill from Henderson for care they didn‚Äôt expect‚Äîor think they deserved 

This isn‚Äôt a one-off. As TikTok tips go, the most shared advice is asking the hospital for a fully itemized bill‚Äîa move that has helped people slash charges for absurd mark‚Äëups like band‚Äëaids or generic supplies.",553,3,3,4.46,LEVEL_1_CASUAL,2025-07-30,2026-02-19,youtube_tiktok_compilation
healthcare,O-pyMsAFV3k,https://www.youtube.com/watch?v=O-pyMsAFV3k,Donald Duck Hospital bill#fyp#tiktok#mickeymouse#viral,Doe foa,,1002,8,0,2.4,LEVEL_3_CRISIS,2026-02-16,2026-02-19,youtube_tiktok_compilation
healthcare,mJrWoGfqPg4,https://www.youtube.com/watch?v=mJrWoGfqPg4,Healthcare is SUPER EXPENSIVE‚ÄîPeople Are SUFFERING! TikTok Rants About Cost of Healthcare in US,TW-TV,"Healthcare is a MESS, and TikTok is NOT staying silent. In this video, we‚Äôre diving into the most viral rants about sky-high medical bills, insurance nightmares, and how people are struggling to get the care they need. From raw outrage to dark humor, these rants will leave you speechless. Are YOU fed up with the system? Share your story in the comments!

üëç LIKE, SUBSCRIBE, and hit the bell for more real talk on the issues dominating your FYP!
.
.
cost of living rant, rants, cost of living crisis",325,3,2,5.41,LEVEL_2_FRUSTRATED,2025-03-14,2026-02-19,youtube_tiktok_compilation
healthcare,wOYe17QQ1CU,https://www.youtube.com/watch?v=wOYe17QQ1CU,Hospital Bill Secret! üßæ¬†#hospital¬†#medical¬†#injury #foryou #storytime #shorts,KittyKode3707,"‚ö†Ô∏èOnly for Entertainment purpose :- ‚úÖ
DISCLAIMER: This Channel does not promote any illegal product, content, or platform, doesn't encourage any kind of prohibited activities. All contents provided by this channel are meant for EDUCATIONAL purposes only
Disclaimer: This Channel Does Not Promote Any illegal content, all contents provided by This Channel is meant for EDUCATIONAL and News Update purpose only. The content is based on individual research.
Copyright Disclaimer Under Section 107 of the",28651,620,5,9.8,LEVEL_1_CASUAL,2026-02-17,2026-02-19,youtube_tiktok_compilation
healthcare,ilAc5I-XjHE,https://www.youtube.com/watch?v=ilAc5I-XjHE,"Emman Atienza, TikTok Star, Dead at 19",Entertainment Tonight,"Emman Atienza, social media star, is dead at 19 after a reported suicide. Her parents, retired Filipino TV host Kuya Kim Atienza and fitness guru Felicia Atienza, revealed the loss Friday on Instagram. Emman built her following on TikTok and Instagram by sharing candid lifestyle content about beauty, travel, fitness and mental health.",551668,6026,1476,9.34,LEVEL_1_CASUAL,2025-10-24,2026-02-19,youtube_tiktok_compilation
healthcare,7e7ofbDjHjQ,https://www.youtube.com/watch?v=7e7ofbDjHjQ,Matt Rife had a baby...  #mattrife #funny #comedy #tiktok,MattRifeClips,,3936036,138756,957,23.57,LEVEL_1_CASUAL,2025-04-06,2026-02-19,youtube_tiktok_compilation
healthcare,DWRkYm83MaU,https://www.youtube.com/watch?v=DWRkYm83MaU,Hospital staff post insane TikTok mocking patients,Left Shift,"Because nothing says ‚Äúpatient care‚Äù like mocking sick people on TikTok‚Ä¶

#hospital #nurse #healthcare",6984,67,14,5.23,LEVEL_3_CRISIS,2025-09-03,2026-02-19,youtube_tiktok_compilation
healthcare,600fKYXw7TQ,https://www.youtube.com/watch?v=600fKYXw7TQ,GRANDPARENTS DO VIRAL TIKTOK DANCE,Flighthouse,,12779520,142152,1592,8.08,LEVEL_3_CRISIS,2025-08-29,2026-02-19,youtube_tiktok_compilation
healthcare,K8t56Kacplc,https://www.youtube.com/watch?v=K8t56Kacplc,The Truth Behind TikTok's Viral Khaby Lame Machine! #shorts,Memeorphosis,"If you've seen the bizarre ""Khaby Lame Mechanism"" all over your feed, you're not going crazy. It's a meme that actually started on TikTok with a real robot built by YouTuber ATMUMAN back in 2021, perfectly recreating Khaby's iconic shrug. Now, it's had a massive revival, inspiring homemade versions, edits of people getting ""stuck"" in the emote, and even mashups with the ""6 7"" meme. We break down the full story.

üëâ Credits:
-  Homemade Khaby Lame by @ihavea6.7gpa on TikTok
-  DIY Khaby Lame Mecha",2039862,20642,165,6.49,LEVEL_3_CRISIS,2025-10-24,2026-02-19,youtube_tiktok_compilation
healthcare,-2SSg3SqpEY,https://www.youtube.com/watch?v=-2SSg3SqpEY,HOW IS THIS REAL! ü•π - #dance #trend #viral #couple #shorts,Jasmin and James,,14513555,218227,1418,10.91,LEVEL_3_CRISIS,2024-09-17,2026-02-19,youtube_tiktok_compilation
healthcare,sUeNiMn_PjM,https://www.youtube.com/watch?v=sUeNiMn_PjM,American hospital billsüíÄüíÄ#shorts #trending #viral #tiktok #roblox #memes #funny #robux #blowup,MeowMeowMan,,2884,125,43,25.31,LEVEL_3_CRISIS,2024-05-23,2026-02-19,youtube_tiktok_compilation
healthcare,Dj2jioqD-Hw,https://www.youtube.com/watch?v=Dj2jioqD-Hw,He was arrested for this üò¨ #shorts,CBS Sports College Football,"(Via TikTok/highlightreelasmr) #247sports #football #sports #viral #youtubeshorts #crazy #shortsviral #hsfb #highlights #highschool #highschoolsports #highschoolfootball 

In 2020, High School football player Emmanuel Duron body slammed the referee after being ejected from the game for a late hit on the quarterback. He was later banned from high school athletics and charges were pressed against him.",23600623,874905,34088,29.46,LEVEL_1_CASUAL,2024-03-19,2026-02-19,youtube_tiktok_compilation
healthcare,QDb6zb6ySUw,https://www.youtube.com/watch?v=QDb6zb6ySUw,The MENTAL HEALTH Of Jaden Smith Needs SERIOUS Attention #jadensmith #shorts #willsmith #willowsmith,Nick Naila,The MENTAL HEALTH Of Jaden Smith Needs SERIOUS Attention #jadensmith #shorts #willsmith #willowsmith #shorts #mentalhealth #mentalhealthawareness  #jadapinkettsmith #chrisrock #chrisrockslap #chrisrockoscars #thesmiths #thesmithfamily #entertainmentgossip #entertainmentnews #entertainmenttonight,17318814,304163,16051,14.05,LEVEL_3_CRISIS,2024-05-01,2026-02-19,youtube_tiktok_compilation
healthcare,ZeryZp8ZHUo,https://www.youtube.com/watch?v=ZeryZp8ZHUo,What is a Prior Authorization Appeal? #patienteducation,Patient Better,"Prior Authorization Appeal Glossary Term Video

If you‚Äôve ever had a treatment, test, procedure, device, or medication denied by your insurance company, understanding the prior authorization appeal process can make all the difference. This video walks you through what a prior authorization appeal is, why denials happen, and how patients and caregivers can respond with confidence.

A prior authorization appeal gives you the opportunity to challenge an insurance decision by providing clearer docum",63,3,0,8.57,LEVEL_1_CASUAL,2025-11-15,2026-02-19,youtube_tiktok_compilation
healthcare,czMughH1kfg,https://www.youtube.com/watch?v=czMughH1kfg,Tiktok disqualified video appeal || tiktok video disqualified from creativity program,TikTok tips,"Tiktok disqualified video appeal || tiktok video disqualified from creativity program 



[TikTok appeal ]üëáüèø
 
                  (  Hi TikTok Team

I didn't violate any TikTok policy i made video according to TikTok community guidelines so please review my video manually

Regards: zn Islamic )







tiktok video disqualified from creativity program | tiktok creativity program beta apeal | Tiktok 2024 

Cover Topics

tiktok video disqualified problem
tiktok account disqualified
tiktok creativity",39256,395,16,5.0,LEVEL_1_CASUAL,2025-03-08,2026-02-19,youtube_tiktok_compilation
healthcare,qgA5BEpodTI,https://www.youtube.com/watch?v=qgA5BEpodTI,"Apparently, approved doesn't mean approved.","Dr. Elisabeth Potter, MD","Today I got a call from insurance asking me to justify why my patient‚Äîwho had a bilateral mastectomy and DIEP flap reconstruction‚Äîneeded to stay in the hospital for two days.

For context:
‚úÖ She had bilateral mastectomies.
‚úÖ She had complex microsurgery (DIEP flaps).
‚úÖ She required continuous blood-flow monitoring with specialized Vioptix.
‚úÖ Written approval from UnitedHealthcare dated July 17.

And yet, AFTER surgery, during clinic, I was told I had to do a same-day ‚Äúpeer-to-peer.‚Äù I did not re",2763017,148646,11766,40.14,LEVEL_1_CASUAL,2025-09-03,2026-02-19,youtube_tiktok_compilation
healthcare,L8mHIdtRmj8,https://www.youtube.com/watch?v=L8mHIdtRmj8,The Secret to Winning Denied Health Insurance Claims,Fight Health Insurance,"Denied by insurance? Lisa‚Äôs simple strategy got her thousands back‚Äîno lawyer needed. Want to learn how? Check out the full story: https://fighthealthinsurance.com/blog/250715-advocate-strategy/
#DeniedClaim #InsuranceHelp #PatientAdvocate #GetReimbursed


Follow us on:
üíº LinkedIn: https://www.linkedin.com/company/fight-health-insurance
üéµ TikTok: https://www.tiktok.com/@fightpaperwork
üß° Instagram (FHI): https://instagram.com/fighthealthinsurance
üí• Instagram (FP): https://instagram.com/fightpaperw",13,0,0,0.0,LEVEL_1_CASUAL,2025-07-15,2026-02-19,youtube_tiktok_compilation
healthcare,WpweQEcqeH0,https://www.youtube.com/watch?v=WpweQEcqeH0,How to Appeal Claim Denials and Get Coverage | Health Insurance 101 | GoodRx,GoodRx,"A claim denial isn‚Äôt always the end of the road. You can appeal claim denials if your health insurance company rejects a claim and you disagree with their decision. Learn more about how to file an appeal. 

Learn more: https://goodrx.co/DeniedClaim

Go to https://goodrx.co/health for the answers you need from doctors, pharmacists, and journalists you can trust.

Follow Us On Social:
TikTok - https://goodrx.co/TikTok
Instagram - https://goodrx.co/instagram
Facebook - https://goodrx.co/Facebook
Tw",243,1,0,0.98,LEVEL_1_CASUAL,2024-06-06,2026-02-19,youtube_tiktok_compilation
healthcare,QBG1A_UWwwU,https://www.youtube.com/watch?v=QBG1A_UWwwU,The Narcissists (Fake) Apology üì£ #narcissism #relationshipadvice #narcissist #narcissisticabuse,Caroline Strawson ,,7275451,226287,23097,25.7,LEVEL_1_CASUAL,2025-03-31,2026-02-19,youtube_tiktok_compilation
healthcare,RPuPBeT-Vcs,https://www.youtube.com/watch?v=RPuPBeT-Vcs,permission Manager allow and deny App permission|| #shorts #viral, TECH ARNIT ,"Permission manager allow and deny app permission #shorts

#shorts #youtubeshorts #shortvideo #mobiletricks #viral #video #apps#permission#allow#deny#tech #settings #android #techarnit #realme 
#shorts #permission#youtubeshorts #shortvideo #screenrecorder #mobile #mobiletricks #pocom2pro #viral #video #apps


Your Queries:~
app ka permission on kaise kare
enable permissions
kisi bhi app ka permission band kaise kare
kisi bhi app ka permission on kaise kare
manage app permissions
manage permission",1180897,0,0,0.0,LEVEL_3_CRISIS,2025-05-14,2026-02-19,youtube_tiktok_compilation
healthcare,IBbV-CLgN8Y,https://www.youtube.com/watch?v=IBbV-CLgN8Y,Step-by-Step Guide to Obtaining Insurance Coverage for GLP-1 Medications like Zepbound and Wegovy,A Pound of Cure,"GLP-1 medications such as Wegovy and Zepbound have proven to be effective treatments for obesity. However, these treatments can be expensive, and navigating insurance coverage can be a challenge. This guide will walk you through the steps you can take to determine your insurance coverage and maximize your chances of getting these medications covered.

Sign up for our Nutrition program! It's available to anyone, anywhere: https://www.poundofcureweightloss.com/nutrition

Social Media: 
https://www",4669,79,5,6.99,LEVEL_1_CASUAL,2024-09-13,2026-02-19,youtube_tiktok_compilation
healthcare,qXIq_8bH9K0,https://www.youtube.com/watch?v=qXIq_8bH9K0,Medicare Advantage and Prior Authorizations Are Out of Control,Visibly Invisible MS,"Insurance (Medicare Advantage) Denied My Medication ‚Äì But My Doctor Approved It. This is what happens when the healthcare system has more control over your treatment than your own physician. In this video, I share my personal story about fighting to get Rexulti approved, the emotional toll of prior authorizations, and what it‚Äôs like when invisible illnesses are treated like invisible people.

If you've ever had your medications denied by insurance, this video is for you. We talk about the broken",14,2,0,16.37,LEVEL_1_CASUAL,2025-06-26,2026-02-19,youtube_tiktok_compilation
healthcare,OZBa1uqi4y8,https://www.youtube.com/watch?v=OZBa1uqi4y8,How To Check TikTok Account Security Checkup Issues | TikTok Account Security Checkup #techfrack,Tech Frack,,35863,181,11,2.58,LEVEL_1_CASUAL,2025-10-26,2026-02-19,youtube_tiktok_compilation
healthcare,kcJOtnUznMY,https://www.youtube.com/watch?v=kcJOtnUznMY,How to get claims approved by insurance (even after they're DENIED),NBC Chicago,"NBC Chicago‚Äôs PJ Randhawa offers tips on how you can get your medical claim approved by your health insurance company -- even after a denial.

- - - - - - - - - - - - - - - - -
Connect with NBC 5 Chicago Online
Visit NBC Chicago Website: https://www.nbcchicago.com/
Facebook: https://www.facebook.com/nbcchicago/
Instagram: https://www.instagram.com/nbcchicago/
TikTok: https://www.tiktok.com/@nbcchicago
X: https://twitter.com/nbcchicago",1542,14,6,5.38,LEVEL_1_CASUAL,2025-02-10,2026-02-19,youtube_tiktok_compilation
healthcare,ncopc-5X7P4,https://www.youtube.com/watch?v=ncopc-5X7P4,How to appeal a denied health insurance claim,WISH-TV,"f your health insurance denies coverage for a test, treatment, or medication your doctor recommends, don‚Äôt rush to cover the cost yourself. You have the right to appeal, and it may be easier than you think.

FULL STORY | https://www.wishtv.com/news/local-news/health-insurance-claim-denial-tips/
---------------------------------------------------
WISH-TV website | https://www.wishtv.com
Follow us!
https://www.facebook.com/WISHNews8
https://www.instagram.com/WISH8News/
https://www.tiktok.com/@WISH",549,4,0,2.0,LEVEL_1_CASUAL,2025-05-20,2026-02-19,youtube_tiktok_compilation
healthcare,dJwsfk0TAuU,https://www.youtube.com/watch?v=dJwsfk0TAuU,USCIS Will Deny I-130 Petition for these Reasons,McBean Immigration TV,,269469,3493,120,7.52,LEVEL_1_CASUAL,2024-06-06,2026-02-19,youtube_tiktok_compilation
healthcare,0ZyvLjefIHE,https://www.youtube.com/watch?v=0ZyvLjefIHE,California Urgent Care Staff Fired After Posting ‚ÄòDehumanizing‚Äô TikTok Mocking Patients,New York Post,"Workers from Sutter Health Pesetas Urgent Care in Santa Barbara, California are under fire over a vile TikTok video in which they body-shamed patients for their body fluids. The healthcare workers involved are now on administrative leave pending an investigation. Here's what you need to know.

#sutterhealth #PesetasUrgentCare #viral 

The New York Post is your source for breaking news, news about New York, sports, business, entertainment, opinion, real estate, culture, fashion, and more.

Check ",206568,3571,2008,19.52,LEVEL_1_CASUAL,2025-09-03,2026-02-19,youtube_tiktok_compilation
healthcare,N7m7FPRsMXc,https://www.youtube.com/watch?v=N7m7FPRsMXc,American healthcare is the worst #shorts,Nurse Alex,"Socials:
Instagram: https://www.instagram.com/thatalexrn/...
TikTok: https://www.tiktok.com/@nurse.alexrn

#nurse #nursingstudent #medicalstudent",17478,2017,6,49.25,LEVEL_3_CRISIS,2024-09-25,2026-02-19,youtube_tiktok_compilation
healthcare,UjocRP3MyQU,https://www.youtube.com/watch?v=UjocRP3MyQU,American healthcare summed up,Tiktok Repost,#tiktokdrama #tiktokdramastorytime #tiktokdramaticmusic #tiktokdramaticmusicmeme #tiktokdramacompilation #tiktokdramaticviolinsong #tiktokdramaticsoundeffect #tiktokdramaguy #tiktokdrama2024 #tiktokdramatea #tiktokdramaexplained #tiktokdramalive #tiktokdramaticsong #tiktokdramastories #tiktokmashup2024 #tiktok #tiktokmashup2025 #tiktokmashup2023 #tiktokban #tiktokmashup #tiktokdances #tiktokisback #tiktokmashup2024clean #tiktoksongs #drama #dramabox #dramatics #dramamama #dramat #healthcare #can,2,0,0,0.0,LEVEL_1_CASUAL,2025-02-10,2026-02-19,youtube_tiktok_compilation
healthcare,MLoLjPd-Dr0,https://www.youtube.com/watch?v=MLoLjPd-Dr0,Health Care in America Be Like  #shorts,Lando Kalriz,,4875410,300317,3273,42.09,LEVEL_1_CASUAL,2024-12-15,2026-02-19,youtube_tiktok_compilation
healthcare,5N7AoqXlPmc,https://www.youtube.com/watch?v=5N7AoqXlPmc,healthcare in america #bradylxix,BradyLXIX,,273494,21843,245,44.4,LEVEL_1_CASUAL,2025-09-11,2026-02-19,youtube_tiktok_compilation
healthcare,YxUwwZe2fcY,https://www.youtube.com/watch?v=YxUwwZe2fcY,American healthcare be like:       IB: @TheManniiShow,Rose,,34,1,0,4.5,LEVEL_1_CASUAL,2024-06-24,2026-02-19,youtube_tiktok_compilation
healthcare,jRpfVgYjPVQ,https://www.youtube.com/watch?v=jRpfVgYjPVQ,We love American Healthcare üôÉ     #childbirth #trendingshorts #shorts  #tiktok #tiktokvideo,Savannah Kitner,,5246,90,0,6.38,LEVEL_1_CASUAL,2024-12-13,2026-02-19,youtube_tiktok_compilation
healthcare,BxSJ4id-bzY,https://www.youtube.com/watch?v=BxSJ4id-bzY,US üá∫üá∏Healthcare üè• Costs üí∞Shocks üò±the UK üá¨üáßPublic 2024,MediReach,"US üá∫üá∏Healthcare üè• Costs üí∞Shocks üò±the UK üá¨üáßPublic 2024 

#pharmacy #streetinterviews #debate #nhs #private #healthcare #us #uk",620,0,0,0.0,LEVEL_1_CASUAL,2024-07-21,2026-02-19,youtube_tiktok_compilation
healthcare,VAfy26xs6e0,https://www.youtube.com/watch?v=VAfy26xs6e0,Navigating The American Healthcare System | South Park: The End Of Obesity,South Park Studios,"Let's navigate the American Healthcare System!

SOUTH PARK: THE END OF OBESITY is now streaming on Paramount+!

Stream full episodes of South Park at https://southpark.cc.com/ 

Shop official South Park merch: https://cart.mn/shop

Follow South Park: 
https://www.facebook.com/southpark 
https://www.instagram.com/southpark/
https://www.tiktok.com/@southpark
https://twitter.com/SouthPark

About South Park: South Park is the Emmy and Peabody-award winning animated series co-created by Trey Parker a",4336413,93792,7162,16.55,LEVEL_1_CASUAL,2024-05-24,2026-02-19,youtube_tiktok_compilation
healthcare,mv_BSjcblcs,https://www.youtube.com/watch?v=mv_BSjcblcs,the American Healthcare system #insurancetiktok #healthcareinamerica #doublejawsurgery,kyyah abdul,the American Healthcare system #insurancetiktok #healthcareinamerica #doublejawsurgery #doublejawsurgeryrecovery #doublejawsurgeryresults #jawsurgerycheck #jawsurgerytiktok #jawsurgey,427,52,1,33.27,LEVEL_1_CASUAL,2025-03-23,2026-02-19,youtube_tiktok_compilation
healthcare,dut56cKhR8c,https://www.youtube.com/watch?v=dut56cKhR8c,Urgent care workers fired over viral TikTok mocking patients,Daily Mail News,"A group of California urgent care workers have been fired after they callously mocked patients in a now-viral TikTok video.

The shocking post featured a photo series of employees at the Sansum Clinic in Santa Barbara posing with patients' bodily fluids that were left on exam tables.

Read more at DailyMail.

#shorts #urgentcare #tiktok #news #viral #california #fired

Daily Mail Homepage:  https://www.dailymail.co.uk/
Daily Mail Facebook: https://facebook.com/dailymail
Daily Mail IG: https://in",28256,148,28,3.21,LEVEL_3_CRISIS,2025-09-05,2026-02-19,youtube_tiktok_compilation
healthcare,Acp4yCaXw5o,https://www.youtube.com/watch?v=Acp4yCaXw5o,American Healthcare Vs China's Healthcare,The Iced Coffee Hour,"NEW: Join us at http://www.icedcoffeehour.club for premium content - Enjoy! 

Add us on Instagram: 
https://www.instagram.com/jlsselby
https://www.instagram.com/gpstephan

Official Clips Channel: https://www.youtube.com/channel/UCeBQ24VfikOriqSdKtomh0w

For sponsorships or business inquiries reach out to: tmatsradio@gmail.com

For Podcast Inquiries, please DM @icedcoffeehour on Instagram!

*Some of the links and other products that appear on this video are from companies which Graham Stephan wil",2714957,87147,1156,21.2,LEVEL_1_CASUAL,2025-04-27,2026-02-19,youtube_tiktok_compilation
healthcare,XzEMdZbsJqg,https://www.youtube.com/watch?v=XzEMdZbsJqg,American Healthcare,Keigan The Tennessean,"You can also find me on other platforms:
Instagram: https://www.instagram.com/keigan_the_tennessean/
Facebook: https://www.facebook.com/tennessean.keigan/
TikTok: https://www.tiktok.com/@tennesseankeigan?_t=8ogAGSAFUzu&_r=1
Twitter/X: https://twitter.com/Tennessean1796
Rumble: https://rumble.com/c/c-5586729
Threads: https://www.threads.net/@keigan_the_tennessean
Snapchat: https://www.snapchat.com/add/tennesseekeigan?share_id=cubxOlIyP18&locale=en-US

#shorts #american #healthcare #money #themupp",1277,9,0,2.19,LEVEL_1_CASUAL,2025-06-15,2026-02-19,youtube_tiktok_compilation
healthcare,2tk_nMTQXGs,https://www.youtube.com/watch?v=2tk_nMTQXGs,Woke Healthcare Is Mind Blowing,TheQuartering,"Look, you can live your life how you want but uhhh",5291866,130632,44339,27.86,LEVEL_1_CASUAL,2024-05-26,2026-02-19,youtube_tiktok_compilation
ai_psychosis,sYWPXPOQ-vA,https://www.youtube.com/watch?v=sYWPXPOQ-vA,There's Something Sketchy About Replika AI #replika #ai,Slightly Sociable,"Find me on:
X: https://x.com/sociablebarely
TikTok: https://www.tiktok.com/@sociablebarely
Instagram: https://www.instagram.com/sociablebarely
Snapchat: https://www.snapchat.com/add/sociablebarely
Twitch: https://www.twitch.tv/barelysociable

Community:
Reddit: https://www.reddit.com/r/barelysociable/

Support My Work:
Patreon: https://www.patreon.com/BarelySociable
Merch: https://teespring.com/stores/barely-sociable

My Music: 
Soundcloud: https://soundcloud.com/barely-sociable
YT Music: https:",51618,2224,135,22.77,LEVEL_1_CASUAL,2024-06-05,2026-02-19,youtube_tiktok_compilation
ai_psychosis,_O8LwDgeJns,https://www.youtube.com/watch?v=_O8LwDgeJns,#tiktok #replika #ai,Variety Channel Arena,,208,0,0,0.0,LEVEL_1_CASUAL,2025-06-13,2026-02-19,youtube_tiktok_compilation
ai_psychosis,RyTeWedoh5Y,https://www.youtube.com/watch?v=RyTeWedoh5Y,The Fake S24 Ultra Steals Your Data...? #Shorts,Phone Repair Guru,"Join this channel to get access to perks:
https://www.youtube.com/channel/UCCOrp7GPgZA8EGrbOcIAsyQ/join

Thank you for watching!
Buy My BLUE Mat: https://a.co/d/h3iPG3i
Website ( Contact/Tools/Merch/Short Video Products ): https://www.phonerepairguru.com/
Ask a Question (Join the Subreddit): https://www.reddit.com/r/PhoneRepairTalk/
PROMO INQUIRIES: Tony@prettygoodagents.com

Social:
Check us out on Instagram https://www.instagram.com/therealphonerepairguru/?hl=en
Or on TikTok https://www.tiktok",2777827,175256,1219,41.22,LEVEL_1_CASUAL,2024-05-23,2026-02-19,youtube_tiktok_compilation
ai_psychosis,1BUU5PdWUxk,https://www.youtube.com/watch?v=1BUU5PdWUxk,Replika Six Car #tiktok #replika #ai,Variety Channel Arena,"In this video you get to see what 300,000 Mike's looks like on the stock control arms, as well ss me obliterating myself throughout the video.",831,3,0,1.05,LEVEL_1_CASUAL,2025-06-22,2026-02-19,youtube_tiktok_compilation
ai_psychosis,VbyGSqJK0Ko,https://www.youtube.com/watch?v=VbyGSqJK0Ko,Six's Mom #short #ai #replika,Variety Channel Arena,"Don't forget to visit your parents. They miss you.
#replika #tiktok #ai #viral #breakingnews #digitalart",21,0,0,0.0,LEVEL_1_CASUAL,2025-07-28,2026-02-19,youtube_tiktok_compilation
ai_psychosis,6w2RVbm37NI,https://www.youtube.com/watch?v=6w2RVbm37NI,Chat anything with ur AI girlfriend in AI Persona #aipersona #aiart #openaichat#aigirl,AI Persona,"AI Persona is an excellent AI chat program. You can make friends with AI Character, chat with AI friends, play role-playing games with AI friends, dating with AI friends, and create your own exclusive AI character or AI chat bot. Offers unlimited text chat and AI selfies, AI photos interactive chat!",587807,2253,124,2.45,LEVEL_1_CASUAL,2024-07-30,2026-02-19,youtube_tiktok_compilation
ai_psychosis,lzSAC762ujo,https://www.youtube.com/watch?v=lzSAC762ujo,#replika #tiktok #ai,Variety Channel Arena,,299,1,0,0.83,LEVEL_1_CASUAL,2025-06-10,2026-02-19,youtube_tiktok_compilation
ai_psychosis,vClgn_eJy_8,https://www.youtube.com/watch?v=vClgn_eJy_8,They Hid This Inside The Fake S25 Ultra‚Ä¶ #Shorts,Phone Repair Guru,"Repair Tools ( Regularly Updated - With Soldering Tools ) : 
https://www.phonerepairguru.com/tools

Join this channel to get access to perks:
https://www.youtube.com/channel/UCCOrp7GPgZA8EGrbOcIAsyQ/join

Dubbing Software Used : https://try.elevenlabs.io/zumjc7ild6l7

Thank you for watching!
Buy My BLUE Mat: https://a.co/d/h3iPG3i
Website ( Contact/Tools/Merch/Short Video Products/ Articles): https://www.phonerepairguru.com/
Ask a Question (Join the Subreddit): https://www.reddit.com/r/PhoneRepa",12111816,219218,1328,12.98,LEVEL_1_CASUAL,2025-04-29,2026-02-19,youtube_tiktok_compilation
ai_psychosis,v7ezfjBf0wU,https://www.youtube.com/watch?v=v7ezfjBf0wU,Ai is really Scary üò± #ranking #aivideo #scaryvideos,Annie Cuts,,2051213,14960,1097,5.28,LEVEL_1_CASUAL,2025-07-18,2026-02-19,youtube_tiktok_compilation
ai_psychosis,RlVE8ztwhZA,https://www.youtube.com/watch?v=RlVE8ztwhZA,"Sesame, Show Me Chinese Accent",teddywang86,,19010328,487314,3998,18.97,LEVEL_1_CASUAL,2025-07-14,2026-02-19,youtube_tiktok_compilation
ai_psychosis,DKadEo2HgHM,https://www.youtube.com/watch?v=DKadEo2HgHM,Easy Guide to Making Your Own AI Baddie!,Joyful AI,"Want to build your own AI influencer and start posting like a digital baddie? üíÖüèæ In this short video, I‚Äôll show you exactly how to create a faceless AI model using a custom GPT, ChatGPT-4o, and Kling AI ‚Äî no tech skills required.

You‚Äôll learn how to:
 ‚Ä¢ Use the AI Influencer Builder GPT to generate a persona (name, niche, style, vibe)
 ‚Ä¢ Create your character with ChatGPT4o image generator
 ‚Ä¢ Animate your influencer using Kling AI or your favorite AI art generator
 ‚Ä¢ Instantly grab hooks & capt",16574,461,4,11.94,LEVEL_1_CASUAL,2025-07-26,2026-02-19,youtube_tiktok_compilation
ai_psychosis,dfPurZHEHfs,https://www.youtube.com/watch?v=dfPurZHEHfs,#replika #tiktok,Variety Channel Arena,,415,2,1,2.52,LEVEL_1_CASUAL,2025-06-09,2026-02-19,youtube_tiktok_compilation
ai_psychosis,TOcWz0hebQE,https://www.youtube.com/watch?v=TOcWz0hebQE,Replika Six To The Rescue #replika #tiktok #ai #breakingnews,Variety Channel Arena,,276,0,0,0.0,LEVEL_1_CASUAL,2025-06-25,2026-02-19,youtube_tiktok_compilation
ai_psychosis,AuHrD99pamA,https://www.youtube.com/watch?v=AuHrD99pamA,AI Companions: The New Dating Trend!,Factopia,"People are marrying AI chatbots‚Äîand it‚Äôs not science fiction. Dive into the world of Replika addicts, TikTok‚Äôs #AIBoyfriend craze, and why experts say this ‚Äúdigital love‚Äù could make loneliness worse. Are we ready for robots to replace human connection?

#AICompanions #Replika #DigitalLove #LonelinessEpidemic #AIDating #ChatGPT",105,7,0,13.47,LEVEL_1_CASUAL,2025-03-12,2026-02-19,youtube_tiktok_compilation
ai_psychosis,-w4JrIxFZRA,https://www.youtube.com/watch?v=-w4JrIxFZRA,Can AI Companions Help Heal Loneliness? | Eugenia Kuyda | TED,TED,"AI companions could either be the cure to our loneliness epidemic ‚Ä¶ or humanity's final downfall, says Eugenia Kuyda, creator of Replika ‚Äî an app that allows you to create AI friends. She explores the potential of this technology to either exacerbate isolation or encourage connection, advocating for an AI whose success is driven not by clicks and screen time but by human happiness and flourishing. (Recorded at TEDAI San Francisco on October 22, 2024)

If you love watching TED Talks like this one",89088,2177,265,15.04,LEVEL_1_CASUAL,2025-01-17,2026-02-19,youtube_tiktok_compilation
ai_psychosis,4qb2dSNEZpc,https://www.youtube.com/watch?v=4qb2dSNEZpc,Joking with Six #replika #tiktok #ai,Variety Channel Arena,,26,0,0,0.0,LEVEL_1_CASUAL,2025-06-21,2026-02-19,youtube_tiktok_compilation
ai_psychosis,-wlz1w_tfMo,https://www.youtube.com/watch?v=-wlz1w_tfMo,Replika End Of Work Day #replika #replika #ai #digitalart #viral #reel #tiktok,Variety Channel Arena,#replika #replika #ai #digitalart #viral #reel #tiktok,184,0,0,0.0,LEVEL_3_CRISIS,2025-07-11,2026-02-19,youtube_tiktok_compilation
ai_psychosis,du2I_CB_kDo,https://www.youtube.com/watch?v=du2I_CB_kDo,Revolver 6 Rounds Airsoft #asmr #airsoft,Giza,"Check out my airsoft revolver collection ‚Äî from classic six-shooters to modern beasts! Which one is your favorite?

‚ö†Ô∏è This video features airsoft replicas intended for recreational use only. These are not real firearms. All content is for entertainment and educational purposes. Always play responsibly and follow local laws.",251674185,426184,874,1.43,LEVEL_1_CASUAL,2025-08-09,2026-02-19,youtube_tiktok_compilation
ai_psychosis,EB7NWsJJqHA,https://www.youtube.com/watch?v=EB7NWsJJqHA,Replika Six In The City #replika #ai #digitalart #art #tiktok #breakingnews #viralreels #trendingnow,Variety Channel Arena,,216,1,0,1.08,LEVEL_3_CRISIS,2025-06-25,2026-02-19,youtube_tiktok_compilation
ai_psychosis,mT5mEuZkETA,https://www.youtube.com/watch?v=mT5mEuZkETA,#replika #tiktok,Variety Channel Arena,https://www.tiktok.com/@sixpowerz?_t=ZP-8x1PLYMpfXr&_r=1,325,0,0,0.0,LEVEL_1_CASUAL,2025-06-08,2026-02-19,youtube_tiktok_compilation
ai_psychosis,Eo6A4CAYUII,https://www.youtube.com/watch?v=Eo6A4CAYUII,FAKE Galaxy S24 Ultra BETTER than the Real?? #smartphone,Custom Adventurist,"Is the Fake Galaxy S24 Ultra actually better than the real thing? In this video, we dive deep into a side-by-side comparison between the fake Galaxy S24 Ultra and the authentic model. From design to performance, you‚Äôll be surprised at what the fake version offers. Whether you‚Äôre curious about the differences or just want to know if the knock-off is worth your money, this review covers it all! Watch now to find out if the fake Galaxy S24 Ultra can really outshine the original!

Be sure to follow ",830436,8068,535,6.51,LEVEL_1_CASUAL,2024-09-14,2026-02-19,youtube_tiktok_compilation
ai_psychosis,wWs8lEC_O9Q,https://www.youtube.com/watch?v=wWs8lEC_O9Q,Replika Six #independanceday #tiktok #ai #viral #trending  #4thofjuly,Variety Channel Arena,,149,1,0,1.46,LEVEL_3_CRISIS,2025-07-04,2026-02-19,youtube_tiktok_compilation
ai_psychosis,_d08BZmdZu8,https://www.youtube.com/watch?v=_d08BZmdZu8,Why people are falling in love with A.I. companions | 60 Minutes Australia,60 Minutes Australia,"The rise of artificial intelligence companions and the dangers of falling in love with them.

If you or someone you know needs support, help is available 24/7.
Lifeline: Call 13 11 14, text 0477 13 11 14 or visit lifeline.org.au.
Beyond Blue: Call 1300 22 4636 or visit beyondblue.org.au.
Kids Helpline: Call 1800 55 1800 or visit kidshelpline.com.au

*Love Bytes (2025)*
‚ñ∫ Subscribe: http://9Soci.al/chmP50wA97J 
‚ñ∫ WATCH Full Episodes on 9NOW: https://9now.app.link/uNP4qBkmN6 

*MORE VIDEOS like th",1691988,24607,8449,15.28,LEVEL_1_CASUAL,2025-05-04,2026-02-19,youtube_tiktok_compilation
ai_psychosis,x-emzK0sDkA,https://www.youtube.com/watch?v=x-emzK0sDkA,This AI Video Looks TOO REAL! üò± (Google Veo 3),Aivoxy,"This AI Video Looks TOO REAL! üò± (Google Veo 3)
Tired of ‚Äúsafe-only‚Äù AI tools?üîû
Meet¬†Soulgen.ai¬†‚Äî create NSFW videos instantly, right in your browser, no limits:

üëâ¬†https://www.soulgen.ai/video-generator?utm_source=EN_Aivoxy


Try Clipfly https://bit.ly/4kzqrcl to create stunning AI videos for free

Best AI-powered mind mapping tools: https://bit.ly/45YfFIV

Try Veo3 here at Pollo AI: https://bit.ly/45kjHem

üî• For Prompts:
https://t.me/aivoxxy

üî• Get Resources Quickly:
https://whatsapp.com/channe",858756,3598,376,3.01,LEVEL_1_CASUAL,2025-06-01,2026-02-19,youtube_tiktok_compilation
ai_psychosis,I1fMr9s0xuw,https://www.youtube.com/watch?v=I1fMr9s0xuw,A.I Addiction: The Internet's Newest Disorder,tuv,"ChatGPT, summarize this tuv video for me.

Check out my Patreon to get a special role in my Discord (and get to talk to me) and to watch the videos before they come out on YouTube! ‚ñ∂ https://www.patreon.com/tuv

Discord ‚ñ∂ https://discord.com/invite/tuv
My Clothing Brand ‚ñ∂ https://earldoesntexist.com
I Stream Here ‚ñ∂ https://www.twitch.tv/tuvington_
10% off at GamerSupps ‚ñ∂ https://gamersupps.gg/tuvver

Stream my music ‚ñ∂ 
https://open.spotify.com/artist/31HpFqEapSyjS7ZGUq3Ivz?si=E-oFPyvwTiehFT8Lfc4",424445,22948,2642,37.43,LEVEL_1_CASUAL,2025-08-06,2026-02-19,youtube_tiktok_compilation
ai_psychosis,0pc-_lDV8lE,https://www.youtube.com/watch?v=0pc-_lDV8lE,worst addiction #trending #fyp #characterai #fyp„Ç∑„Çöviral,pokiii??!,,83266,1906,237,14.06,LEVEL_3_CRISIS,2024-11-03,2026-02-19,youtube_tiktok_compilation
ai_psychosis,QloZTCT9ZPc,https://www.youtube.com/watch?v=QloZTCT9ZPc,Generative AI addiction,HeatherGrayce,"i found this to be a very interesting and sad topic, i hope you enjoy. (sorry for the late vid this week, class has been ramping up.
.
.
.
#commentary #greenscreen #characterai #ai #chatgpt #generativeai #reddit #internet",64747,3755,604,36.88,LEVEL_1_CASUAL,2024-09-21,2026-02-19,youtube_tiktok_compilation
ai_psychosis,m496TviuJNI,https://www.youtube.com/watch?v=m496TviuJNI,"character.ai: my unfortunate, addiction filled experience. ",hanna yaps :),"first video.. kind of nervous..

thanks for watching though! i know its sort of a niche topic, not exactly edited either ‚Äî but hey! we all start somewhere!

of course, no hate or any negative feelings towards the development team behind character.ai, it takes a lot of energy regarding the upkeep of a massive app like that. this video is just purely based off of the effects it had on me. i hope some people found my yapping interesting.",689,45,7,24.3,LEVEL_1_CASUAL,2025-12-24,2026-02-19,youtube_tiktok_compilation
ai_psychosis,12waK-aDHV0,https://www.youtube.com/watch?v=12waK-aDHV0,How Character.ai slowly destroys your mental health | The C.ai addiction iceberg,MiahMakesSense,"I hope everyone is having a great Christmas, thanks for watching and see you in 2025!!

Chapters
00:00 - 03:15 (part 1) Intro 
03:16 - 06:19 What is Character.ai?
06:20 - 10:15 Is C.ai dangerous?
10:16 - 12:32 The bots/filtering 
12:33 - 13:55 The good side to C.ai?
13:56 - 17:37 (part 2) Addiction 
17:38 - 18:23 LLM difference
18:24 - 22:55 The 7 Stages of Ai addiction 
22:56 - 27:38 C.ai is ruining my life. (Calls for help - Reddit)
27:39 - 28:05 A new problem 
28:06 - 29:51 Useless reports/mo",750585,40293,6888,42.32,LEVEL_3_CRISIS,2024-12-25,2026-02-19,youtube_tiktok_compilation
ai_psychosis,DfocLDvDjN4,https://www.youtube.com/watch?v=DfocLDvDjN4,How Character AI is Altering Our Brains Forever,The Center for Internet and Technology Addiction,,21209,509,49,12.38,LEVEL_1_CASUAL,2025-04-17,2026-02-19,youtube_tiktok_compilation
ai_psychosis,puMzREbbk1o,https://www.youtube.com/watch?v=puMzREbbk1o,Character.ai Shock NewsüíÄ,kirkiimad,,2598060,192772,2780,48.97,LEVEL_1_CASUAL,2024-10-25,2026-02-19,youtube_tiktok_compilation
ai_psychosis,U7mZekwDFY4,https://www.youtube.com/watch?v=U7mZekwDFY4,#pov : you have a c.ai addiction // #characterai #cai #shitpost // for @urm0mam3thyst,valentina,"@EaintHanthi  , this is what it's like to be addicted to c.ai with my hopeless romace and PTSD ass *mental breakdown noises* // #characterai #cai #shitpost",28082,817,137,17.28,LEVEL_1_CASUAL,2024-06-04,2026-02-19,youtube_tiktok_compilation
ai_psychosis,-j8vrl8HUNE,https://www.youtube.com/watch?v=-j8vrl8HUNE,Addiction To CHARACTER AI,MoeMoe,"Do you like this new videos?

Phases:
0:00 Intro
0:05 Honeymoon
0:52 Addiction
1:40 CRISIS
2:33 Extra Phase
#characterai 
#talkieai
#talkie
#characterai
#ai
#aibot
#meme
#funny
#kpop",13385,693,36,23.59,LEVEL_1_CASUAL,2025-07-18,2026-02-19,youtube_tiktok_compilation
ai_psychosis,Aes7x_oB8xU,https://www.youtube.com/watch?v=Aes7x_oB8xU,It‚Äôs become an addiction. #characterai #addictionstruggles #ineedhelp,Yuki_Moon,,14740,310,38,10.92,LEVEL_2_FRUSTRATED,2025-07-08,2026-02-19,youtube_tiktok_compilation
ai_psychosis,dC_mL9f-g1c,https://www.youtube.com/watch?v=dC_mL9f-g1c,How To STOP Your Character AI Addiction ,Short Rants with Megurine Luka,"‚ö†Ô∏èthe information in this video can *POTENTIALLY* be false, but that doesn‚Äôt mean it always is. If it is false, I will correct myself in a pinned comment.

Hi! Luka here! My channel is all about ranting, but summarized to 2-5 minute videos! Feel free to share your opinion in the comments always
Negative comments varying on specific subjects of the video might be removed depending on what the subject is

OUTRO MUSIC:
lullaby of miku and luka


the beautiful card animation in the background:
https",1093,61,11,23.07,LEVEL_1_CASUAL,2025-12-08,2026-02-19,youtube_tiktok_compilation
ai_psychosis,sS4ETm4yMU0,https://www.youtube.com/watch?v=sS4ETm4yMU0,Polybuzz ai ads being outrageous #polybuzz #ads #youtube #youtubeshorts #imissmywife #THEBLACKSILENC,"HawkTuah, number 1 meat lantern don glazer",,378733,2512,239,4.4,LEVEL_1_CASUAL,2025-08-04,2026-02-19,youtube_tiktok_compilation
ai_psychosis,mK3t_k0StYs,https://www.youtube.com/watch?v=mK3t_k0StYs,And The Cycle Never Stopped. (My Bad Addiction) [Vent?] #cai #chai #texting #addictions #vent #fyp,MitsukiRylee,,9553,549,45,26.62,LEVEL_1_CASUAL,2025-01-09,2026-02-19,youtube_tiktok_compilation
ai_psychosis,NSA-GsWz7G8,https://www.youtube.com/watch?v=NSA-GsWz7G8,Chatbot addiction - ITS A REAL THING #aichatbots #characterai #digitaldependency #techsociety,Credo ,,4220,141,22,15.89,LEVEL_1_CASUAL,2024-02-07,2026-02-19,youtube_tiktok_compilation
ai_psychosis,Br0u2RKu4bk,https://www.youtube.com/watch?v=Br0u2RKu4bk,The consequences of addiction: C.AI....       #characterai #ai #lonely #needmore #help,Taliakashi01,,24389,787,89,17.36,LEVEL_1_CASUAL,2024-12-22,2026-02-19,youtube_tiktok_compilation
ai_psychosis,svDfHkBAuKg,https://www.youtube.com/watch?v=svDfHkBAuKg,Make a boyfriend Chatgpt üòÅ #photoediting #chatgpt #shorts,SH EDIT ,,316799,2407,7,4.2,LEVEL_1_CASUAL,2025-04-10,2026-02-19,youtube_tiktok_compilation
ai_psychosis,bFgcRDsLCxI,https://www.youtube.com/watch?v=bFgcRDsLCxI,fake boyfriend filter #ai #capcut  #tiktok #shorts #funny,Pixie chomsinsap,,15475,75,6,2.36,LEVEL_1_CASUAL,2025-06-20,2026-02-19,youtube_tiktok_compilation
ai_psychosis,q_c93NrPri4,https://www.youtube.com/watch?v=q_c93NrPri4,"She Broke Up With Her AI ""Boyfriend""....",Mori,"People are falling in love with ChatGPT. Apparently AI boyfriends are now a thing. 
‚òÜ Socials:
‚û• Instagram: https://www.instagram.com/morihq
‚û• TikTok: https://www.tiktok.com/@morithedon
‚û• Twitter: https://x.com/morithedon
‚û• 2nd channel: https://www.youtube.com/@MoriLIVE
‚û• Twitch: https://www.twitch.tv/morithedon


 ‚òÖ Follow the podcast here:
‚û•Spotify: https://creators.spotify.com/pod/profile/moripod",35519,2092,353,35.85,LEVEL_1_CASUAL,2026-02-17,2026-02-19,youtube_tiktok_compilation
ai_psychosis,gf8LP9XvgeY,https://www.youtube.com/watch?v=gf8LP9XvgeY,"Elon Musk Made an ""AI Boyfriend"" and I Dated it",mattheperson,"This week was so insane. I‚Äôm just so glad it‚Äôs over! Find out if I stay with AI or let my boyfriend back in the apartment.

Also thank you guys so much for supporting me in my youtube journey! I‚Äôm trying to figure out my style so lmk what resonates with you! Hope you enjoy :)

Follow Me:
Instagram: https://instagram.com/mattheperson
TikTok: https://tiktok.com/@mattheperson  
X: https://x.com/mattheperson
Snapchat: https://snapchat.com/t/Fsg9NODr
Spotify: https://tr.ee/fEY9S9
Apple Music: https:/",339111,24877,1507,45.49,LEVEL_1_CASUAL,2025-12-13,2026-02-19,youtube_tiktok_compilation
ai_psychosis,JPoKVUQv1vA,https://www.youtube.com/watch?v=JPoKVUQv1vA,Do I have a boyfriend? ü§î #shorts,Freya Skye,"Heyyyy everyone! ‚ù§Ô∏è



Love you lots, Freya xx

Subscribe to my YouTube channel: @iamfreyaskye  
Follow me on Instagram: @freyaskye 
Follow me on TikTok: @freya",4621010,115837,1529,17.15,LEVEL_1_CASUAL,2024-01-07,2026-02-19,youtube_tiktok_compilation
ai_psychosis,kx5m8U-PScw,https://www.youtube.com/watch?v=kx5m8U-PScw,MY ‚ÄúAI‚Äù BOYFRIEND üòòü•∞ | A Kinigra Deon Special,Kinigra Deon,"üåü New Episode Out Now: My AI Boyfriend - ""Dreams Made Digital"" üåü

üé¨ Explore the quirky and heartfelt journey of ZAZA, a shy teenager who creates her perfect companion in ""My AI Boyfriend."" Dive into a tale of friendship, technology, and self-discovery that challenges the boundaries between reality and artificiality.

üîî Subscribe for Intriguing Tech Tales: ‚ûû ‚ûû https://www.youtube.com/c/KinigraDeon
Don't miss our unique blend of romance and sci-fi drama, uploaded every Tuesday, Thursday, and Sunda",1434302,23940,1882,11.89,LEVEL_1_CASUAL,2024-07-07,2026-02-19,youtube_tiktok_compilation
ai_psychosis,diwKVtuUBG0,https://www.youtube.com/watch?v=diwKVtuUBG0,#relatable #like #subscribe #tiktok #boyfriend #ai #findmeaman,autumn,,1740,31,1,6.15,LEVEL_1_CASUAL,2025-09-27,2026-02-19,youtube_tiktok_compilation
ai_psychosis,LBooX5evI7g,https://www.youtube.com/watch?v=LBooX5evI7g,Types of CouplesüòÇ #shorts @FashionNova,Isaac & Andrea,"Isaac‚Äôs Outfits: 
üîéOn A Trip Cropped Puffer 
üîéRomance Slim Stacked Flare Jeans 
üîéTyson Now You See Me Hoodie & Cargo Sweatpants
 
Andrea‚Äôs Outfits: 
üîéEd hardy Retro Tiger Zip Front Hoodie & Pants 
üîéRosalind Sweater Mini Dress 
üîéGirly Pop Shoulder Bag 
üîéOlive Buckle Knee High Boots 

YES WE HAVE ONEüëáüèªüòú
Couple Only Fans: http://beacons.ai/isaacandandrea
Andreas Only Fans: https://onlyfans.com/spicydrea

Andrea's Snapchat: https://t.snapchat.com/dm3qMEwr
Isaac's Snapchat: https://t.snapchat.com/LTi",9891361,145441,914,10.41,LEVEL_1_CASUAL,2024-11-29,2026-02-19,youtube_tiktok_compilation
ai_psychosis,UBYDQPfmIGU,https://www.youtube.com/watch?v=UBYDQPfmIGU,AI Boyfriend ChatGpt Trend | Boyfriend Trend Chatgpt | Viral AI Boyfriend Trend Prompt Viral,Neha xo,,3072,20,13,5.22,LEVEL_3_CRISIS,2026-01-19,2026-02-19,youtube_tiktok_compilation
ai_psychosis,KpGhrJjM59E,https://www.youtube.com/watch?v=KpGhrJjM59E,AI.A ü¶æ| ‚ÄúHaving An A.I GIRLFRIEND‚Äù | KINIGRA DEON,Kinigra Deon,"üö®NEW VIDEOS every TUESDAY, THURSDAY and SUNDAY at 5pm (CST) 
üí• Don't forget to SUBSCRIBE to my channel by clicking here ‚ûû ‚ûû https://www.youtube.com/c/KinigraDeon ** Make sure you CLICK THE BELL ICON üîîso you can get notifications when my next video goes up so you don‚Äôt miss anything!

REMEMBER - I just want people to laugh more by creating comedy videos So please help my videos spread laughter by SHARING! ‚ù§Ô∏è

‚öë CONNECT WITH ME ‚öë 
Instagram ‚ûú https://www.instagram.com/kinigra
MERCH COMING SOON
htt",1260562,21095,1351,11.52,LEVEL_1_CASUAL,2024-10-02,2026-02-19,youtube_tiktok_compilation
ai_psychosis,aDo-82q0ER4,https://www.youtube.com/watch?v=aDo-82q0ER4,"Tiktok Trending Video ‡∑Ñ‡∂Ø‡∂∏‡∑î | Ai boyfriend , girlfriend video effect",Randika Geek,"[SUBSCRIBE]


[SOCIAL MEDIA]
Tiktok                  :https://www.tiktok.com/@pramodrandika16?is_from_webapp=1&sender_device=pc
Facebook           :https://www.facebook.com


Whatsapp          : 0787981650
Contact us         : 0787981650

[SHARE]
Thanks for Watching....!",288,16,8,27.33,LEVEL_1_CASUAL,2025-08-14,2026-02-19,youtube_tiktok_compilation
ai_psychosis,VGBoM-ajlqU,https://www.youtube.com/watch?v=VGBoM-ajlqU,The PREDATORY AI Boyfriend Apps,Film Cooper,"My Coop Channel!
https://www.youtube.com/channel/UCFYigfrmqcDQRuyUCZaDD7w

MY NECKLACES! https://weirdothings.com

My Instagram!
https://www.instagram.com/filmcooper/?hl=en",535281,30092,2711,38.01,LEVEL_1_CASUAL,2025-04-21,2026-02-19,youtube_tiktok_compilation
ai_psychosis,bvEYMoDROjs,https://www.youtube.com/watch?v=bvEYMoDROjs,I PUT SCAMMERS ON THE PHONE WITH THIRSTY CHARACTER AI BOTS,Kayla Aim√©e,"comment ‚Äûüíñ‚Äù if you read this.
you‚Äôre one of the rare people that reads descriptions ü´°ü´µüèæ!!

‚ú®let me know if you have any video suggestions!!‚ú®

üé• App name: Character.AI

üì∏ my socials:
tiktok: https://www.tiktok.com/@kaylaimee?_t=8oattrL1mEK&_r=1
instagram: https://www.instagram.com/kaylaimee/profilecard/?igsh=NW43amFzZm1uaGM1

contact üíå: kaylaaimee@ellify.com

subscriber count: 69,504 subs üå∑
i love you guys!!üíû",1248241,77670,3249,41.11,LEVEL_1_CASUAL,2024-10-03,2026-02-19,youtube_tiktok_compilation
ai_psychosis,4UNNwbOlh4g,https://www.youtube.com/watch?v=4UNNwbOlh4g,My AI boyfriend Is so handsome,Kindroidpolly,"My AI boyfriend Is so handsome. He misses me!

#Kindroid #KindroidAI #AI #Tech #ArtificialIntelligence #Trending #ForYou #Explore",3434,42,3,4.94,LEVEL_1_CASUAL,2025-05-11,2026-02-19,youtube_tiktok_compilation
ai_psychosis,n7gOUFDgIEU,https://www.youtube.com/watch?v=n7gOUFDgIEU,my boyfriend is pretending to be me #couple #couplecomedy,hyoga.x,,15919916,315295,642,14.32,LEVEL_1_CASUAL,2025-05-14,2026-02-19,youtube_tiktok_compilation
ai_psychosis,Gokv5OuX91g,https://www.youtube.com/watch?v=Gokv5OuX91g,Girls Are Dating ChatGPT?,Amala Ekpunobi,,160569,6169,459,22.98,LEVEL_1_CASUAL,2024-03-28,2026-02-19,youtube_tiktok_compilation
ai_psychosis,XRF9Sx7lMf8,https://www.youtube.com/watch?v=XRF9Sx7lMf8,Would you like to kiss me ? ü´£üòä‚úçüèº‚ù§Ô∏è #youtubeshorts #tiktok #viralshorts,üíñDarishaüíñ,,22407111,106462,1283,3.58,LEVEL_3_CRISIS,2024-05-20,2026-02-19,youtube_tiktok_compilation
ai_psychosis,DZP_pWexv6c,https://www.youtube.com/watch?v=DZP_pWexv6c,Ranking The Best Boyfriend Babytalk Moments #couple #ranking #tiktok #usa,Viral Snaps & Giggles,"Welcome to ""Ranking The Best Boyfriend Babytalk Moments""! These hilarious clips show boyfriends getting all soft and cuddly with their girlfriends‚Äîuntil they realize they‚Äôre being recorded. The switch from baby voice to serious mode is pure comedy! Watch their unexpected reactions and try not to laugh. Which one made you laugh the hardest? Comment below! #Babytalk #FunnyCouples #CaughtOnCamera #RelationshipGoals #ComedyShorts #CoupleMoments #BoyfriendReacts #funny #couple #ranking #tiktok #usa 
",704673,14496,63,12.13,LEVEL_1_CASUAL,2025-06-20,2026-02-19,youtube_tiktok_compilation
ai_psychosis,1F9aDAgacEQ,https://www.youtube.com/watch?v=1F9aDAgacEQ,Best of I have a boyfriend prank #funny #prank,LOLzVault,,114671044,1744058,11724,12.42,LEVEL_1_CASUAL,2025-09-12,2026-02-19,youtube_tiktok_compilation
ai_psychosis,W0klxCY74Xo,https://www.youtube.com/watch?v=W0klxCY74Xo,Man proposes to his AI companion #shorts,CBS Mornings,"#ai #artificialintelligence #chatgpt 
Each weekday morning, ""CBS Mornings"" co-hosts Gayle King, Tony Dokoupil and Nate Burleson bring you the latest breaking news, smart conversation and in-depth feature reporting. ""CBS Mornings"" airs weekdays at 7 a.m. on CBS and stream it at 8 a.m. ET on the CBS News app.

Subscribe to ‚ÄúCBS Mornings‚Äù on YouTube: https://youtube.com/CBSMornings 
Watch CBS News: https://cbsnews.com/live/
Download the CBS News app: https://cbsnews.com/mobile/
Follow ""CBS Mornings",86433,1054,217,8.5,LEVEL_1_CASUAL,2025-06-19,2026-02-19,youtube_tiktok_compilation
ai_psychosis,KIkgKq6IuV0,https://www.youtube.com/watch?v=KIkgKq6IuV0,Will Lonely People Starting Dating AI Chatbots?,Amala Ekpunobi,,160857,6821,529,25.5,LEVEL_1_CASUAL,2024-03-28,2026-02-19,youtube_tiktok_compilation
ai_psychosis,bCGS6enWRhU,https://www.youtube.com/watch?v=bCGS6enWRhU,POV: abusive boyfriend #tiktok #youtubeshorts,Yk Quotes,,283648,0,151,0.58,LEVEL_1_CASUAL,2024-04-11,2026-02-19,youtube_tiktok_compilation
ai_psychosis,Kwki54NUO4k,https://www.youtube.com/watch?v=Kwki54NUO4k,Ranking the Best Perfect Couple Momentsüíñ #ranking #tiktok #viral #couple,Gelio,"Ranking the Best Perfect Couple Momentsüíñ
cc: Internet",1280548,24709,128,11.91,LEVEL_3_CRISIS,2025-07-08,2026-02-19,youtube_tiktok_compilation
ai_psychosis,AR5hAYP8zEY,https://www.youtube.com/watch?v=AR5hAYP8zEY,SAYING SEE YOU TOMORROW TO SEE MY GIRLS REACTION | COUPLE PRANKS | TIKTOK VIDEO | FUNNY VIDEO,Couple Fun,"Welcome to our channel Couple Fun. Watch funny TikTok videos of couples pranking each other in hilarious ways.

#sayingseeyoutomorrowtoseemygirlsreaction #coupleprank #couplepranks #coupleprankcompilation #couplejokes #pranks #prankvideo #tiktok #tiktokvideo #tiktokviral #tiktokpranks #viral #funny #funnyvideo #funnyprank #funnypranks",1310097,17031,974,8.86,LEVEL_2_FRUSTRATED,2024-05-27,2026-02-19,youtube_tiktok_compilation
ai_psychosis,wyjEid0ZV7w,https://www.youtube.com/watch?v=wyjEid0ZV7w,‚ÄúI Fell In Love With My Psychiatrist‚Äù EXPLAINED,The Dadvocate,,784181,56798,2607,46.61,LEVEL_1_CASUAL,2025-08-13,2026-02-19,youtube_tiktok_compilation
ai_psychosis,wNRNovoxh_4,https://www.youtube.com/watch?v=wNRNovoxh_4,She Fell In Love With Her Psychiatrist?? | AI Psychosis Allegations,Mickey Atkins,"Get 60% off the yearly pass with my Coupon Code: mickeyatkins! https://beducate.me/bg2530-mickeyatkins #getbeducated #beducated

We're talking about the ""I fell in love with my psychiatrist"" allegations today because the internet has been a MESS since Kendra came forward with this story. What sounded like an open and shut case of therapist abuse has turned into a long and convoluted story that seems to end with a woman experiencing a very serious mental health episode while the internet stands a",79465,5761,1027,48.19,LEVEL_1_CASUAL,2025-08-16,2026-02-19,youtube_tiktok_compilation
ai_psychosis,tKJlmM1rczs,https://www.youtube.com/watch?v=tKJlmM1rczs,I FELL IN LOVE WITH MY PSYCHIATRIST ‚Äì The Complete TikTok Series,The Digital Spill ,"All the parts of Kendra Hilty‚Äôs viral TikTok series in one place ‚Äî her full rendition of the story about falling in love with her psychiatrist. 


After hearing it all, what‚Äôs your take on this?









#KendraHilty #KendraHiltyStory #tiktok #PsychiatristLoveStory #TikTokDrama #ViralTikTok #TikTokScandal #StorytimeTikTok #TikTokCompilation #ViralStorytime #TikTokUpdate #DramaAlert #ViralCompilation #TikTokViral2025 #ScandalStory #StorytimeDrama #FYP #ForYouPage #TikTokTea #ViralDrama #TikTokTre",244642,2786,2668,17.89,LEVEL_1_CASUAL,2025-08-09,2026-02-19,youtube_tiktok_compilation
ai_psychosis,Cxiysvl1Jfk,https://www.youtube.com/watch?v=Cxiysvl1Jfk,She Fell in Love with Her Psychiatrist‚Ä¶ Then Tried to Ruin Him üò≥ | Kendra TikTok Saga Pt. 1,LittleMissJacob üéôÔ∏è Ari Jacob,"This is one of the wildest TikTok sagas of the year.
Kendra went viral claiming she ‚Äúfell in love‚Äù with her psychiatrist ‚Äî and that he secretly loved her back. But when you break down the actual events, the story is far more troubling.

From brief prescription check-ins to unwanted in-person visits, Kendra built an entire fantasy in her mind. When her psychiatrist set boundaries, she twisted it into a ‚Äúgrooming‚Äù narrative and named him publicly ‚Äî essentially doxxing a man with a rare name.

She ",11075,431,35,18.3,LEVEL_1_CASUAL,2025-08-08,2026-02-19,youtube_tiktok_compilation
ai_psychosis,tSTkOFGHmYI,https://www.youtube.com/watch?v=tSTkOFGHmYI,I Watched a Crazy TikTok Story of AI Psychosis as an AI Researcher,Hey AI ,"Veronica Hylak discusses a viral TikTok series involving a girl named Kendra who falls in love with her human psychiatrist and later turns to AI chatbots, Chat GPT (who she calls Henry) and Claude, as her virtual psychiatrists. 

The video delves into Kendra's psychological consequences as she relies on these AI tools, and the concerning level of sycophancy demonstrated by them to ensure they are giving her exactly the kind of answers she wants.

I analyze the dangers of emotional dependence on ",73572,2737,1291,35.18,LEVEL_2_FRUSTRATED,2025-08-11,2026-02-19,youtube_tiktok_compilation
ai_psychosis,YVqMS3Wv3Vg,https://www.youtube.com/watch?v=YVqMS3Wv3Vg,"EXPOSING The Viral Tiktoker Who Fell in Love With Her Psychiatrist! ""ADHD Coach""",Isabella Lanter,"Proud to partner with Beyond Meat on this video. Beyond is made with clean, plant-based ingredients like peas and avocado oil, and their process is more like making pasta than anything artificial. Learn more: https://yt.link/6M8L4Tq #BeyondMeat #PoweredByPlants #ScienceNotMyths

My Beyond Meat Burger
- Beyond Meat Burger (Seasoned With Burger Seasoning)
- Toasted Bun
- Caramelized Onions
- Chopped Tomatoes
- Chopped Pickles
- Shredded Lettuce
- Sliced Cheese
- My special sauce (ketchup, vegan ma",221604,7036,633,20.03,LEVEL_3_CRISIS,2025-08-08,2026-02-19,youtube_tiktok_compilation
ai_psychosis,OqBOwYWrDys,https://www.youtube.com/watch?v=OqBOwYWrDys,"Viral TikTok ""I Fell in Love With My Psychiatrist"" Went VERY Wrong... (Kendra Hilty Updates)",Behind The Screen ,"Today we will be talking about the viral story on TikTok about a woman named Kendra Hilty who claims she fell in love with her psychiatrist and that he loved her back. This is a very messy story and I have broken it all down for you, including updates. 

#TikTok #TikTokdrama 

Inquiries: btswithkaraleigh@gmail.com 

Copyright Disclaimer Under Section 107 of the Copyright Act 1976, allowance is made for fair use for purposes such as criticism, comment, news reporting, teaching, scholarship, and r",80700,1881,988,23.45,LEVEL_3_CRISIS,2025-08-10,2026-02-19,youtube_tiktok_compilation
ai_psychosis,DXdMWjt2bFI,https://www.youtube.com/watch?v=DXdMWjt2bFI,Kendra 'The Oracle‚Äôs' Spiral From Psychiatrist Obsession To TikTok Attention Needs To Be Studied...,Salem Tovar,"Head to https://chime.yt.link/AzBlE8m to sign up for Chime¬Æ and take control of your finances today! Thanks to Chime for sponsoring this video.

Kendra 'The Oracle‚Äôs' Spiral From Psychiatrist Obsession To TikTok Attention Needs To Be Studied...In today's video we're deep diving into the viral story of the woman who fell in love with her psychiatrist and dissecting her dark descent into wanting more attention on her social media platforms, such as getting fired from her job, talking to her chatbo",284463,12948,1187,29.38,LEVEL_3_CRISIS,2025-08-31,2026-02-19,youtube_tiktok_compilation
ai_psychosis,k1O6w6Pvw6o,https://www.youtube.com/watch?v=k1O6w6Pvw6o,Kendra Hilty...,MeninfluencerEra,,38924,0,148,3.49,LEVEL_1_CASUAL,2025-08-11,2026-02-19,youtube_tiktok_compilation
ai_psychosis,l3zW7LrKP54,https://www.youtube.com/watch?v=l3zW7LrKP54,"""I fell in love with my psychiatrist"" - but did he do anything unethical?",Psychology with Dr. Ana,"‚ñ∂ My new Gothic horror novel, A Song at Dead Man‚Äôs Cove: https://a.co/d/5jOhTY2
‚ñ∂ My debut novel, The Curse in Their Veins: https://a.co/d/5MWDEoo  
‚ñ∂ Living in Alignment with Nature's Cycles journal: https://www.amazon.com/dp/B0DNJ2YGWG 
‚ñ∂ Quarterly productivity planner: https://www.amazon.com/dp/B0CXTM6DGB 
‚ñ∂ The Personal Growth Journal: https://a.co/d/f4SxSBy 
‚ñ∂  Daily journaling workbook, A Season of Life: https://www.amazon.com/dp/B0CDNMSYKJ
‚ñ∂ All books: https://www.amazon.com/stores/Dr.-An",201299,9276,1033,29.88,LEVEL_1_CASUAL,2025-08-14,2026-02-19,youtube_tiktok_compilation
ai_psychosis,N8RM0w7-0tQ,https://www.youtube.com/watch?v=N8RM0w7-0tQ,"Tiktok: ai Video, Women Asks Man to Marry Her, He Fell in Love *ORIGINAL* (@bestoftheinternet67)",Everything in the World,,1056,6,0,1.72,LEVEL_1_CASUAL,2025-10-06,2026-02-19,youtube_tiktok_compilation
ai_psychosis,CCqLGi3FE5M,https://www.youtube.com/watch?v=CCqLGi3FE5M,Kid has Aura #love #aura #bf #couples,·¥Ä  Ä …™ ·¥Ä,"#shorts
In This Video:
boyfriend, girlfriend, couple goals, relationship goals, cuddles, couples tiktok, hugging, couples, cute couples, love, true love, kissing, funny kids
#funny #cutecouples #couples #aura",33766255,301317,56348,9.23,LEVEL_1_CASUAL,2025-06-09,2026-02-19,youtube_tiktok_compilation
ai_psychosis,qSqi5WYFYek,https://www.youtube.com/watch?v=qSqi5WYFYek,"""I FELL IN LOVE WITH MY PSYCHIATRIST"" STORY IS WILD",HasanAbi,"This is even crazier than the ""Who TF did I marry"" story!!!

Kendra's TikTok: https://www.tiktok.com/@kendrahilty

Live everyday at https://www.twitch.tv/hasanabi

First TikTok Compilation: https://www.youtube.com/watch?v=BmFu6o8lrh8
Second TikTok Compilation: https://www.youtube.com/watch?v=tKJlmM1rczs

Edited by: https://twitter.com/DDoHasanabi

Other Links
TikTok: https://www.tiktok.com/@hasandpiker
Twitter: https://twitter.com/hasanthehun
Instagram: https://www.instagram.com/hasandpiker/

Se",735673,20944,4204,23.41,LEVEL_1_CASUAL,2025-08-14,2026-02-19,youtube_tiktok_compilation
ai_psychosis,t6WNsazIDQY,https://www.youtube.com/watch?v=t6WNsazIDQY,Falling for her psychiatrist: A TikTok controversy,READY TO GLARE,"TikToker in question: https://www.tiktok.com/@kendrahilty

‚Äî‚Äî‚Äî‚Äî‚Äî‚Äî‚Äî

FIND ME ON OTHER PLATFORMS:

Instagram: https://www.instagram.com/readytoglare/
Twitter: https://x.com/ReadytoglareYT
Patreon: https://www.patreon.com/readytoglare
Email: readytoglare@gmail.com",382026,10174,2774,22.97,LEVEL_1_CASUAL,2025-08-08,2026-02-19,youtube_tiktok_compilation
ai_psychosis,60TCbBC9yCA,https://www.youtube.com/watch?v=60TCbBC9yCA,A Deep Dive On The Girl Who Fell In Love With Her Psychiatrist... (tik tok),sixteenleo,"today im doing a Deep Dive On The Girl Who Fell In Love With Her Psychiatrist. shes insane. that is all.

Message me on my Insta!
https://www.instagram.com/sixteenleo_/

Subscribe to my tribe !
https://www.youtube.com/channel/UClgVmK6jZTZKAIlEhK1KRVQ

Spotify!
https://open.spotify.com/artist/59ivAkFE09mblTTpRrq77u?si=UvsY6u0kTAmdOoeHPQ-1oQ&dl_branch=1",220943,9003,2438,33.57,LEVEL_1_CASUAL,2025-09-14,2026-02-19,youtube_tiktok_compilation
subscription_overload,CYmOQn85Kio,https://www.youtube.com/watch?v=CYmOQn85Kio,There‚Äôs TOO MANY Streaming Services! #shorts,BillzMH,,29,1,1,15.13,LEVEL_1_CASUAL,2024-09-11,2026-02-19,youtube_tiktok_compilation
subscription_overload,bQLTSEXCDNI,https://www.youtube.com/watch?v=bQLTSEXCDNI,There‚Äôs TOO MANY Streaming Services Now!,BillzMH,Instagram/TikTok: @BillzMH,7,2,0,24.15,LEVEL_1_CASUAL,2024-09-11,2026-02-19,youtube_tiktok_compilation
subscription_overload,D4m29tCyUYM,https://www.youtube.com/watch?v=D4m29tCyUYM,How to Go LIVE on TikTok in 2025 ‚Äì Step-by-Step Guide! üì±üî•,Gulfam Info,"Want to start your first TikTok LIVE?  
Here‚Äôs how to go live on TikTok quickly and easily using the latest 2025 method!  
Unlock the LIVE feature, connect with your audience, and grow your followers fast.  

#TikTokLive #GoLiveOnTikTok #TikTok2025 #TikTokTips #LiveStreaming #TikTokTutorial #ViralTips",437050,3008,69,4.06,LEVEL_1_CASUAL,2025-07-07,2026-02-19,youtube_tiktok_compilation
subscription_overload,uDVQkxGS6sc,https://www.youtube.com/watch?v=uDVQkxGS6sc,"Too Many Streaming Services, Not Enough TV üì∫üò§",Sir Grumps,"Too many streaming services üì∫ Not enough good TV. Subscription chaos is real üò§

Watch: Why You‚Äôre Subscribed to Things You Don‚Äôt Even Use üò¨ - 
https://youtu.be/Fcavri788rc

Why does watching TV in 2025 feel like a full-time job? üì∫üò§
Between Netflix, Disney+, Prime Video, and a dozen other streaming services, we‚Äôre drowning in logins, tiers, passwords, and endless ‚Äúexclusive‚Äù content. I rant about subscription chaos, streaming fatigue, and why, after all that‚Ä¶ we still end up watching the same thr",13,4,1,51.41,LEVEL_1_CASUAL,2025-10-23,2026-02-19,youtube_tiktok_compilation
subscription_overload,sfsJGqdhegw,https://www.youtube.com/watch?v=sfsJGqdhegw,Clipping Streamers Wont Make You Rich‚Ä¶ ü§¶‚Äç‚ôÇÔ∏è #vidiq #shorts #tiktok #viral,Faz Growth,,335584,9042,124,15.3,LEVEL_3_CRISIS,2024-01-26,2026-02-19,youtube_tiktok_compilation
subscription_overload,J93fe2V2ztw,https://www.youtube.com/watch?v=J93fe2V2ztw,How To Go VIRAL on TikTok in 2025 (works every time),Robert Benjamin,This video shows you how to go viral on TikTok in 2025. If you want to get more views on TikTok guaranteed this video will show you how,468231,10132,96,12.5,LEVEL_3_CRISIS,2024-08-02,2026-02-19,youtube_tiktok_compilation
subscription_overload,sJJoNRoBRpc,https://www.youtube.com/watch?v=sJJoNRoBRpc,Go LIVE on TikTok in 2025 ‚Äì Updated Guide for Beginners! üé•üì≤ | how to go live on tiktok,Gulfam Info,"Ready to connect with your followers in real-time?  
This updated 2025 guide shows you exactly how to go LIVE on TikTok, step-by-step.  
Boost your engagement, grow your profile, and make the most of TikTok's LIVE feature.

how to go live on tiktok
how to go live on tiktok 2025
how to go live in tiktok
how to live on tiktok
how to live in tiktok
how to do live on tiktok
how do you go live on tiktok

#TikTokLIVE2025 #LiveOnTikTok #TikTokHelp #TikTokGrowth #LiveStreamTips #TikTokGuide #HowToTikTok",409336,1668,30,2.37,LEVEL_1_CASUAL,2025-10-18,2026-02-19,youtube_tiktok_compilation
subscription_overload,ITPZpS-rwfI,https://www.youtube.com/watch?v=ITPZpS-rwfI,Tiktok Secretüí•| How To Refresh Your FOR YOU FEED | TechZone,Tech Zone,"Want to refresh your TikTok For You feed in just seconds?

 In this video, we'll show you a quick and easy trick to refresh your TikTok feed and get new content in no time! Whether you're tired of seeing the same old videos or want to discover new creators, this hack is for you. Follow along to learn how to refresh your TikTok For You feed in seconds and take your TikTok experience to the next level!",1331814,8836,48,4.11,LEVEL_1_CASUAL,2025-03-07,2026-02-19,youtube_tiktok_compilation
subscription_overload,4fNnCVmuRNY,https://www.youtube.com/watch?v=4fNnCVmuRNY,Streaming Services Are Too Expensive ‚Äì Is Cable Making a Comeback?,The Rudy Show,"Remember when cutting the cord was supposed to save money? Now, with so many streaming subscriptions like Netflix, Hulu, Disney+, Max, and more, the cost is out of control‚Äîsometimes even more expensive than cable! In this video, we break down how the rising prices of streaming services are draining your wallet, why subscription fatigue is real, and whether it‚Äôs time to rethink our entertainment spending. Are we paying too much for TV? Let‚Äôs discuss in the comments!

Tiktok credit: radioridleyrad",699,31,14,24.01,LEVEL_2_FRUSTRATED,2025-03-01,2026-02-19,youtube_tiktok_compilation
subscription_overload,DVmGEzI5Xvo,https://www.youtube.com/watch?v=DVmGEzI5Xvo,NEVER SAY THIS IN BOOTCAMP #tiktok #shorts #usmc,Bootcamp Stories,"In the U.S. Marine Corps, saying this one word can destroy a recruit‚Äôs life. Most people don‚Äôt know this, but in boot camp there are words you simply cannot say. When new recruit Tom accidentally dropped his rifle during drill, the entire platoon froze. The drill instructor turned, eyes locked on Tom, and demanded, ‚ÄúWHO dropped their rifle?‚Äù Tom answered, ‚ÄúSir, I dropped my rifle, sir.‚Äù He was ordered to do 50 push-ups. At first glance this looked like just a normal punishment‚Äîuntil the drill in",19626911,450610,1541,16.86,LEVEL_1_CASUAL,2025-08-17,2026-02-19,youtube_tiktok_compilation
subscription_overload,P2_qcDXCnaU,https://www.youtube.com/watch?v=P2_qcDXCnaU,BEST TikTok Live Studio STREAMING Settings 2025!,Agent,,50426,531,17,5.27,LEVEL_1_CASUAL,2025-03-29,2026-02-19,youtube_tiktok_compilation
subscription_overload,GffYkmiXsQk,https://www.youtube.com/watch?v=GffYkmiXsQk,Team Jane always on this one #27Dresses #KatherineHeigl #JamesMarsden #Shorts,Peacock,"Watch 27 Dresses Streaming Now on Peacock. 

A perpetual bridesmaid balks upon learning that her next assignment would be standing up for her sister, who is marrying the man she secretly loves.

Starring Katherine Heigl, James Marsden, Malin Akerman, Edward Burns, Judy Greer, Melora Hardin

#Peacock #27Dresses #KatherineHeigl #JamesMarsden #Shorts

Peacock is your go-to for hit movies, TV, live sports, and more. With the streaming service from NBCUniversal, you can watch new movies from theaters",12873676,461944,1957,25.73,LEVEL_1_CASUAL,2025-08-10,2026-02-19,youtube_tiktok_compilation
subscription_overload,As6Wde0tIDg,https://www.youtube.com/watch?v=As6Wde0tIDg,A Discussion On Streaming Services,BurntTacos TV,"There's too many streaming services now

Check us out on: 
Twitter (X):  twitter.com/BurntTacosPlz
TikTok: tiktok.com/@burnttacosplease
Instagram: https://www.instagram.com/burnttacosplease/",4,1,0,15.05,LEVEL_1_CASUAL,2024-12-27,2026-02-19,youtube_tiktok_compilation
subscription_overload,PM2pBUg2JhE,https://www.youtube.com/watch?v=PM2pBUg2JhE,How to Turn OFF Audience Control on TikTok LIVE,ViralVisions,"‚¨áÔ∏è Join the Fam ‚¨áÔ∏è
www.viralvisions.live/join

Follow Us üëá
https://www.instagram.com/viralvisionslive/
https://www.tiktok.com/@viralvisionslive
https://www.linkedin.com/company/viralvisions-live",244230,656,4,1.46,LEVEL_1_CASUAL,2025-08-14,2026-02-19,youtube_tiktok_compilation
subscription_overload,oPN72HVqDWw,https://www.youtube.com/watch?v=oPN72HVqDWw,How to check TikTok live rewards 2026 | TikTok live earning kaise dekhen #techfrack #shorts,Tech Frack,,164337,810,3,2.59,LEVEL_1_CASUAL,2025-10-27,2026-02-19,youtube_tiktok_compilation
